x,y,z
-56.27693602867731,-52.42511363313075,4.0
-55.844206318059165,-49.97276556760912,4.1
-55.21693497358015,-52.16763720528708,4.0
-53.86960173120113,-52.16088551619,4.0
-54.743148107561964,-51.60599514834595,4.0
-55.52681137923112,-51.51464186612314,4.0
-55.25450214101896,-31.418370279106774,6.0
-54.54688682174746,-50.11304016251949,4.0625
-53.781878768892824,-37.97614573486658,4.653846153846153
-54.767198682088136,-48.65467311031077,4.1
-54.29236510980951,-50.801624948482726,4.0
-53.780666959965316,-50.73279339009683,4.0
-54.00415154513323,-50.23808595900759,4.0
-53.34334962600015,-26.515037102308035,6.85
-53.68202606769001,-50.10767007798262,4.0
-53.31174736355054,-50.18266399862909,4.0
-53.81505704946241,-30.81369634128136,5.333333333333334
-52.93048543452148,-49.97758266339187,4.0
-53.68947259631409,-49.27444868496747,4.0
-53.46670018649915,-29.962584487505765,6.0
-52.310045947124365,-49.34873929405306,4.0
-53.081625088876045,-48.70655901262276,4.0
-53.137494504870006,-48.591337366493256,4.0
-53.18938902848048,24.274900777754496,10.0
-52.166060373833915,-3.7845613047321893,7.727272727272727
-53.379904225278665,-47.5908274361573,4.0625
-52.72045736558256,-48.02953290032219,4.0
-52.922652200858835,-46.548082865375065,4.083333333333334
-51.425761311693535,5.524411017423487,8.9375
-52.56098172279508,-30.213782447128413,5.4
-53.01506122378005,-45.06170484934259,4.166666666666666
-51.837358066576805,-46.444856618262975,4.055555555555555
-52.23745496190086,-47.82255446415652,4.0
-52.198758611103614,-29.21958141393726,6.583333333333334
-52.31588201347597,-48.07052630365938,4.0
-51.71377969692409,-48.12180624428535,4.0
-51.29521575835773,-29.7350581450672,5.8
-51.395261913139485,-27.52290914924184,6.8
-51.29082259794066,-47.95555904663695,4.0
-48.8365254233969,24.774765642865596,10.0
-50.55025819313403,-31.63198117408275,4.928571428571429
-51.07344680088283,-47.94402389029743,4.0
-50.51991718693513,0.7400626422693426,8.0
-50.94570271883768,-23.487997524086957,6.8
-50.885848304012356,-21.350224606566716,6.8
-50.973925988235436,-25.576182320786565,6.8
-50.948399147252346,-17.3659201273776,6.916666666666666
-50.26518444371494,-47.46166314524522,4.0
-50.41018873494928,-13.91883110093994,6.9
-49.440374440317875,-46.752223390130304,4.0
-50.17072847364855,2.7129327408682675,8.7
-50.213583750765565,-28.214452651267962,5.928571428571429
-49.0415382824858,-46.66396501929859,4.0
-50.099959593442534,-11.780698645018951,6.9
-49.009004421490765,-47.55368544419474,4.0
-50.43243257148792,-48.40260289352258,4.0
-50.255778610633186,-48.93469839879905,4.0
-48.8830124170081,-48.518019234084065,4.0
-51.33305538352739,-51.459327596985176,4.0
-49.41720068656764,-9.549436296854626,6.916666666666666
-51.079789875770715,-52.14851591028538,4.0
-49.60630598226646,-26.109613420841278,6.0
-47.88980167004151,-49.48509283313451,4.0
-49.553657389746974,-51.98631155582481,4.0
-48.26716393017342,-31.21757596072483,4.928571428571429
-47.400096009406354,26.278712937872008,10.125
-49.18395775176279,-49.84436081591288,4.0
-49.89749075663735,-52.62957728993437,4.0
-49.52032694661747,-50.04321910740375,4.0
-48.889998655479914,-52.150114269352734,4.0
-49.23322995701784,-51.5770317908802,4.0
-49.44171541645599,-50.416052651458486,4.0
-49.79444527504692,-50.89342388793533,4.0
-49.418476523455624,-50.66247807781127,4.0
-48.743277913015575,-51.15021338170357,4.0
-48.90096391091614,-53.04771572617588,4.0
-48.69761635793769,-53.4473553257769,4.0
-49.24348840398399,-24.07644630503522,6.0
-49.31440563029907,4.279648352177566,8.8
-49.04130280116889,-53.43386090026611,4.0
-48.910794871934925,-22.014265384261435,6.0
-49.27134204983551,-53.70599729219238,4.0
-50.46181470934641,-53.737355217530116,4.0
-49.921137468320225,-54.16429334229503,4.0
-49.47618556941571,-54.602869851271294,4.0
-47.82509716160935,-19.488242282904324,6.071428571428571
-48.006065108452844,-16.8373510146222,6.166666666666666
-48.611520967992625,0.7161550040843495,7.9
-46.85203621743095,-28.76001846262683,5.0
-48.63067604321602,-54.71337136448659,4.0
-47.895960851215534,-14.5516366072147,6.166666666666666
-48.60740181577437,-55.01930918834269,4.0
-49.36571476392867,-55.17767045967476,4.0
-48.5883780323792,-55.268688541815315,4.0
-48.48452060689999,-55.8189395089501,4.0
-48.71438808022185,6.214999243479554,8.8
-48.43005000041175,-55.2648224175181,4.0
-48.30828979062784,-55.39015604537087,4.0
-48.30734461631127,-9.025927115113314,6.833333333333334
-48.32459725907145,-26.980685949021538,5.2
-47.734217142625326,-12.294532595681098,6.166666666666666
-48.27599519723248,-55.04901576554373,4.0
-48.13368739883336,-54.84760331003979,4.0
-48.13114390346898,8.052011597025196,8.8
-47.38010143454254,-6.812505601762329,6.9375
-47.15941696112169,2.3339196362725243,8.071428571428571
-48.03824602426015,-54.68413526433244,4.0
-47.441918579653375,-3.156479839801594,7.142857142857142
-47.81272023480614,-25.691264292051066,5.2
-47.15434971018155,11.367146585680732,8.944444444444445
-46.89099761383915,4.905971480839403,8.142857142857142
-45.88817408536738,25.532868082433303,10.1
-47.89286985026274,-1.244616522516149,7.25
-46.847169824720666,-55.03092198202121,4.0
-48.14226274658678,16.55248216560281,9.3
-47.142104964019936,-54.4021701005626,4.0
-47.32835769563111,6.804975830798263,8.25
-47.49964838940261,-10.177359029754442,6.3
-47.727926225258564,-54.00191500883496,4.0
-47.16953607004805,-24.632791545221036,5.2
-47.40549293172687,21.915234956698068,9.833333333333332
-47.25397834256933,-53.91063460549451,4.0
-45.99673296103263,-54.26975493951112,4.0
-46.54704541742733,-53.62801168361278,4.0
-45.51234557260693,-53.86684422054992,4.0
-45.57102784987683,-53.516243770305195,4.0
-45.48458559443523,15.815526200476333,9.214285714285715
-46.08009695768507,-53.02059600120659,4.0
-45.82201653346066,7.2653327351540185,8.166666666666668
-45.611567122980546,-1.1110027437607342,7.214285714285714
-47.08350894400071,-51.94978307247422,4.0
-45.759139051534206,-25.7356857285899,5.0
-45.682521174799184,21.74055722450179,9.875
-45.292085609072046,-51.713769040084394,4.0
-45.1437908446092,-10.582579878501889,6.166666666666666
-44.60070949623875,-52.185979928896074,4.0
-44.917801655806095,-53.33893841495279,4.0
-44.90601291204925,-23.38220520359156,5.285714285714286
-43.312896077902806,-51.96699407149171,4.1
-43.672710514268914,-53.16280099778068,4.1
-46.210752101739175,-41.73499618350604,3.9444444444444446
-43.792930169292205,-53.521838333454504,4.083333333333334
-45.46717119413161,-38.22280201740573,4.083333333333334
-43.35809057874388,-54.074498282697164,4.083333333333334
-44.2973829749213,-54.42524195845062,4.0
-44.74682010239962,-54.49732730448413,4.0
-44.27480981449982,-54.82473158903157,4.0
-44.60643291712903,-55.09781062334966,4.0
-42.83103965344897,-54.63079073244763,4.125
-43.44269354439773,-55.39437874670203,4.071428571428571
-44.80042121543626,-55.96051387626068,4.0
-44.287991459682175,-56.333586060880464,4.0
-43.503792703026676,-39.097787677339056,3.8
-43.30304798518837,-55.81342967449166,4.1
-43.40396417128059,22.572707973156646,9.916666666666668
-43.35675393451612,-24.85369251234399,5.1
-44.119386451091486,-42.29121011889619,3.928571428571429
-43.153812002257105,-55.892067541725034,4.125
-43.46203394577348,-57.333682687701554,4.0
-42.77199261854172,16.665321244552885,9.333333333333332
-43.48182737823408,8.092698318181409,8.3
-43.509994479209034,-39.94738299489792,3.3
-43.012705059443185,-11.19474248140904,6.3
-43.100537311202224,-1.143633577329597,7.25
-43.058858753159086,-38.6248446910843,3.7
-43.21655069391896,-40.453048958611376,3.25
-43.76692024917378,-37.07543112978191,3.9444444444444446
-43.05214952120491,-39.55287437573661,3.166666666666667
-43.74123657987346,-13.131604025829727,6.083333333333334
-42.53176694687454,-41.08290368468626,3.75
-42.88194812736716,-3.2783460300070004,7.214285714285714
-42.907561403915665,-36.3370143132571,3.916666666666667
-42.633252160407814,-40.38122658559699,3.1
-42.78792500324757,6.068611251892888,8.166666666666668
-42.523785626662686,-39.412003292684545,3.1
-41.83306045526062,-25.20792819392048,5.3
-42.92676210337377,-26.652538802674094,5.083333333333334
-42.54454283280977,-8.574022767980708,7.0
-41.57590910794238,14.061324331991564,9.1875
-42.83923558280193,-5.835685421746581,7.166666666666666
-42.407727426837724,3.96259567566422,8.166666666666668
-41.534906118138025,-10.721982653182371,7.1
-43.04635758347099,-15.35770586846509,6.166666666666666
-42.16942684036044,-38.99105212311632,3.166666666666667
-42.07972907160038,-40.5042217011877,3.166666666666667
-41.78694398831571,-36.48071005120631,3.75
-41.87686627840484,1.5187908570545083,8.0
-40.79288347048563,22.34833353662107,10.0
-41.74041164342984,-41.25243715072836,3.8
-42.56600431689679,10.47859537894256,8.875
-41.90402265744423,-37.626643202375575,3.25
-41.08922277148044,-38.937743751564525,3.0555555555555554
-42.23788077746383,-34.73285159143131,4.0
-41.18673858192943,-0.6784988409240114,7.9
-42.171670529653134,-27.98904843854345,5.125
-42.59340974205285,-17.604539993951555,6.166666666666666
-41.524339815605956,-13.010593447651058,6.833333333333334
-41.499850130038496,-40.590400457800456,3.166666666666667
-41.1623412424385,-37.51393425942428,3.166666666666667
-41.502611258418796,-42.14421804252706,3.916666666666667
-41.13043729733685,-41.641454565008644,3.666666666666667
-40.53801179188757,-15.07213333803835,7.0
-42.19876922921266,-45.494798508887584,4.041666666666666
-40.716593137211056,-34.520220187449546,3.9
-40.495810782691194,-2.200163277644037,8.0
-41.74255460486042,-20.056444787200903,6.083333333333334
-40.65939637898872,-41.07890082948118,3.083333333333333
-40.73063994517285,-36.986625846802326,3.2
-41.0785861587605,-22.59748973917126,5.928571428571429
-40.87690921274343,-30.262806411490576,4.888888888888889
-40.379606964725,-41.83546071632191,3.083333333333333
-40.950528187900844,19.698223234008537,9.833333333333332
-40.62238601397094,-42.403115751865315,3.333333333333333
-39.132716203246126,-5.663551991955561,7.928571428571429
-39.84035366989794,-36.80371539853584,3.083333333333333
-40.194155713278676,-33.99570126199073,3.9
-39.365124782147205,9.282826070204884,8.9375
-39.63297164186223,-17.11423872103208,7.0
-39.560745819455576,-8.338347318006672,7.833333333333334
-39.42772987096512,-43.509439614300916,4.0
-40.34663226800523,-35.72872233458669,3.25
-39.86320153204984,-24.191740143950568,6.1
-40.01256300112368,-42.39942367796208,3.2
-39.63828361241379,-33.27156874245857,4.0
-39.94042381870824,-26.521638060612055,5.785714285714286
-39.52146280473423,-35.72472878042393,3.166666666666667
-39.75194291555999,-9.889592807515593,7.8
-39.20631484223897,-30.860872662666154,4.833333333333334
-39.46531942158364,-42.18499611111493,3.2
-39.058379717578205,-42.92771150446153,3.9
-38.38702525438113,-19.963383520821964,6.928571428571429
-39.10974643901426,6.55033143736328,8.8
-38.93678922148247,-35.331231436180474,3.2
-38.82256430829321,-33.259048836381794,3.833333333333333
-39.14822908216084,-41.79256924804153,3.166666666666667
-39.83239953982829,19.19873848079175,9.8
-39.072897204844736,-41.04173129740481,3.1
-38.50738882740463,-22.434086025463078,6.8
-39.33470895468883,-11.943962682659759,7.7
-38.083927970064885,-42.767895268909015,4.0
-38.416455713347,-35.02616498841621,3.2
-38.17828584431659,-32.572305840941475,4.0
-38.5558973492742,-40.68886007005491,3.125
-37.06964953367293,-35.72865504672735,3.0625
-37.7383717561424,-30.712873257522553,4.785714285714286
-37.98253283461615,-41.864612859032945,3.666666666666667
-37.77748628198933,-27.803113664263357,5.75
-38.29584938683125,-39.87511580563859,3.111111111111111
-37.40739602483216,-34.26186481564958,3.2
-37.33637168124866,-32.38728679484329,3.833333333333333
-37.84166973295197,5.050516427365874,8.8
-36.84424857347854,-40.48606891290106,3.166666666666667
-36.91684269449774,-33.91220677609091,3.2
-37.0767039935278,-42.12267530178947,3.916666666666667
-37.09154102577095,-24.415475384920377,6.642857142857142
-36.77335912269288,-31.796112959003395,3.9
-37.27166349294487,21.492780213005872,10.0
-37.37828651207869,-12.598912300006521,7.857142857142858
-36.4042228789251,-29.73246060077099,4.833333333333334
-35.86320365456019,-34.320331892848245,3.083333333333333
-36.236823371162764,-40.56771807664734,3.3
-36.148213155055544,-41.85901947912873,4.0
-35.94375243017592,-39.965403747733305,3.2
-36.09898321955852,-31.246182279139028,3.928571428571429
-35.30203017764594,-33.71486698843113,3.125
-36.727874608928836,-38.42533297089909,3.05
-35.43802034488904,-32.543098906266124,3.166666666666667
-35.640089930915636,-26.61578466677755,5.9
-35.97215756898969,-44.88567058307923,4.928571428571429
-36.238908581600285,-46.32277470482903,4.9
-34.61907597534193,-50.53728368098994,4.892857142857142
-36.76694179963546,1.5000050689574418,8.642857142857142
-35.674672138842894,-43.57749350782044,4.833333333333334
-35.499295602928825,-41.511885989718806,4.0
-35.360032501314535,-30.734626924634647,3.9
-35.435952398453466,-31.94073378519164,3.166666666666667
-35.51300244244419,-38.55860184377161,3.125
-35.24316779532932,-28.618151815696272,4.928571428571429
-35.24616089346381,40.870502358668,11.0
-33.867016777298545,24.571301809105996,10.214285714285715
-34.97792575418849,-40.95188481568232,4.0
-35.19167035737768,-22.81828002011208,6.833333333333334
-34.79103012509317,-31.986208610056465,3.166666666666667
-34.94604833079917,-38.47661939394131,3.2
-34.83252913287657,-30.11136752695072,4.0
-35.06390386115481,-15.475035254228876,7.666666666666666
-34.665162456038075,-42.480561852435486,4.833333333333334
-34.502809914560785,-38.08586453997874,3.2
-34.573167812270626,-40.02422281997883,3.7857142857142856
-33.94611240383154,-31.9300751437084,3.166666666666667
-34.053545333372334,-27.48619854010778,5.0
-33.9658550464391,-29.75402007666362,3.833333333333333
-34.829543624273455,-36.78353856013146,3.071428571428571
-33.86308399271718,-25.38922321544503,5.928571428571429
-28.878162856967162,41.959251610436354,11.071428571428571
-33.38588295967172,-31.602377486021492,3.166666666666667
-33.676944942771144,-39.64876698858157,4.0
-34.05050275702591,4.373355874751374,8.928571428571429
-33.40805928539181,-28.99207269076207,3.928571428571429
-33.5491126753667,-41.35038650280829,4.928571428571429
-33.45813066277317,-37.330556402395956,3.25
-33.554977855666735,-43.501838026858124,5.666666666666666
-34.71026876365113,17.14705294936509,9.75
-32.55263207761374,-31.674970230177017,3.083333333333333
-33.56409262646693,-36.319838281001545,3.1
-33.022999603855496,-38.87688426016002,3.928571428571429
-32.71156358741753,-28.196393147004088,3.928571428571429
-32.75733425555845,-26.703598566089227,4.833333333333334
-33.23804678061435,-21.17195243453962,6.916666666666666
-32.354475357169726,-30.88085616236775,3.166666666666667
-32.48028925311151,-40.13666351161265,5.0
-32.7395425014558,-36.37596623489462,3.2
-33.55810431295548,-13.27800229472763,7.857142857142858
-32.41550064577605,-38.34394319239527,4.0
-32.57388491945987,38.65225205918711,10.9
-32.07853055029706,-27.604508533620287,3.9
-31.18519415751912,-30.87478697116467,3.0625
-32.30670306036095,-41.833550107224646,5.8
-29.114684353225186,-43.3989413149838,6.0
-32.529434692974135,-35.86666630930765,3.125
-32.045716746044405,-37.59971256079133,3.928571428571429
-31.813989991845574,-29.60298491842223,3.2
-32.077384555612696,-23.95417874621996,6.0
-31.961328618350862,8.836938956529968,9.214285714285715
-32.521189781798064,-34.93525415107044,3.125
-31.00966892852967,-29.471288654356,3.1
-31.52203815583765,-26.973779996367554,4.0
-31.543175773232193,-25.651318266903115,4.928571428571429
-31.484088810516013,-36.84552608349783,3.833333333333333
-31.610920015259715,-38.906930631838094,4.833333333333334
-30.638877121065917,-28.92382882855394,3.142857142857143
-31.599298142751227,-34.74245163650738,3.166666666666667
-31.504666459467675,18.293191680840344,9.9
-30.78693053525412,-28.106129896136842,3.2
-31.129072868142607,-34.292175810811436,3.166666666666667
-31.088738709781587,-19.516229442477055,7.0
-30.736312744555832,-26.538520792989296,3.833333333333333
-30.06319175659366,35.891775948239825,10.8
-31.013360536790316,-40.16017871701701,5.75
-30.654812843580366,-36.44152726576448,4.0
-30.359009710031565,-27.67927260397196,3.2
-30.695483958154647,-34.0065940336292,3.125
-31.381057394714723,-9.303555733279351,8.142857142857142
-30.266771443248565,-24.43019425201205,4.928571428571429
-30.453960439135592,-37.83461855464155,4.928571428571429
-30.421935146843843,-22.551667035521362,6.0
-30.18173697330204,-25.828158738488035,4.0
-29.831844909903463,-27.47623128531071,3.125
-30.370339327112703,-33.54197442525224,3.166666666666667
-30.143364419755702,-35.8191085967953,3.9
-28.84320912684158,9.488216593241502,9.3
-29.548320335558664,-27.03590923654295,3.2
-29.52554173460617,-25.33215364045082,3.9
-30.064564869928663,-32.992066301082914,3.1
-29.50940598918432,-35.19853298207026,3.928571428571429
-29.380590413288125,16.994153076435598,9.833333333333332
-29.199064036539596,40.14297444390162,11.0
-29.01780674576746,22.392961971928262,10.142857142857142
-28.956775130404203,-23.2376191313147,4.928571428571429
-29.515668392576472,-38.91893690694347,5.8
-28.853555657165032,-26.925919695840708,3.166666666666667
-29.261594898625738,-33.09016433320198,3.2
-28.864711275803476,-24.749762304011917,3.928571428571429
-29.095844703582554,-36.74323266541714,4.928571428571429
-28.984029106515184,-18.123355426401133,7.071428571428571
-28.9063502093488,-34.44802417557905,3.833333333333333
-28.54813113630695,-26.25857535361906,3.2
-28.81620462656291,-32.682899677939645,3.2
-28.517652883139533,-21.19625722840255,5.928571428571429
-28.041656323797064,-24.223520749224058,3.833333333333333
-28.418176006519243,-32.226943874848395,3.2
-27.71377852346248,-12.527643312821088,7.916666666666666
-27.505854333084805,-26.7080318161317,3.071428571428571
-28.091654361452697,-34.06859471978777,4.0
-27.69225881161671,40.3370552685865,11.0
-27.895591330704995,-35.47122673622739,4.928571428571429
-28.556121793308158,-31.411413154310736,3.142857142857143
-28.060878052328235,19.182462443530028,10.0
-27.76184939426839,-22.32001297511448,4.9
-27.324868451823065,-25.75647632582526,3.166666666666667
-27.68327673012128,3.496467528596586,8.944444444444445
-27.65048420284939,-33.345075718426585,3.9
-27.546359883731817,-23.490061400622494,4.0
-28.197906600243783,-30.853499130953363,3.1
-28.132176884643293,-37.61474329489536,5.8
-26.74616066346456,-25.51293439765052,3.1
-27.368064452528152,-30.74100548972405,3.2
-27.999138175562877,-29.34911913891741,3.0555555555555554
-26.972199907470827,-32.87647152846567,4.0
-26.75958298907761,-22.936117117083587,4.0
-26.48983101915239,-24.938709468833952,3.166666666666667
-26.868877540712653,-34.26971542981842,4.833333333333334
-26.549772736104714,-17.51483344865981,7.0
-26.806800514686934,-29.196007357113064,3.142857142857143
-26.59310591726814,-19.894629235143547,6.0
-26.49527543761507,-21.522915880768394,4.928571428571429
-26.590672179139503,40.631704403877706,11.0
-26.21148885208227,-24.32454491785588,3.2
-26.523370788161643,-32.07270253595199,3.833333333333333
-26.489866378358784,18.918390706399105,10.0
-25.949319832762693,-22.760557437776548,3.9
-25.94135826412302,-29.353391135147042,3.2
-25.891328781544566,-14.16134418702881,7.75
-25.81850290530125,-35.580767060877,5.857142857142858
-25.473327386652237,-24.302326835336963,3.166666666666667
-25.82476190543096,-31.46167827079335,3.928571428571429
-25.60673154071566,-33.302401654344564,4.928571428571429
-25.47361596473048,-28.97830961478442,3.2
-24.152038520096305,3.3725332337541456,8.916666666666668
-24.8858236492651,-24.028959240584236,3.166666666666667
-25.19728566223815,-22.45235466258891,4.0
-25.47879077212867,-28.196608992181837,3.1
-25.0263485463005,-30.861615452439317,4.0
-22.347155670514148,42.039596571510714,11.083333333333332
-24.86498192428001,-20.88825608895008,4.928571428571429
-24.48100445365643,-23.508815887531306,3.2
-24.93056459481442,-27.915568509708642,3.166666666666667
-24.459636161524344,-32.1108902334602,5.0
-24.368639050285175,-16.645496384767537,7.0
-24.602567939860638,-18.964487333019232,6.0
-24.570656306060275,-30.19925432623831,3.9
-23.984925885902662,17.092193260626498,9.916666666666668
-24.314660715264125,-22.36971270175441,3.833333333333333
-23.617846537897357,-33.28617578405402,5.9
-24.493971869598216,-27.441825096257197,3.166666666666667
-23.95871507157565,-23.470123698482247,3.125
-23.96624853812696,-10.925772267133919,7.944444444444445
-23.97848348515208,-29.534244098106427,3.928571428571429
-24.32023673393318,-26.6755613971036,3.083333333333333
-23.53660753133214,-21.84531160638496,3.928571428571429
-22.710702188687534,40.0008939210591,11.0
-23.199081262080924,-23.65184593564461,3.125
-23.527689283510245,-28.78367576258208,3.9
-23.289109118430318,-20.130561866327554,4.928571428571429
-23.595194852484948,-26.57898396189109,3.166666666666667
-21.750871365238524,1.5590006749569136,8.75
-23.35526066155761,-30.89112179816631,4.928571428571429
-23.087387095344518,-28.069067282659688,3.928571428571429
-22.523322386934304,-23.192386157956378,3.083333333333333
-22.81450991342857,-21.37728882947497,3.9
-23.12797014057547,-25.85488921582729,3.125
-22.288967281706782,-31.89965876277478,5.9
-22.327876038302627,14.187586827996352,9.75
-22.5170804271859,-27.437978351709152,3.9
-22.10697647083156,-22.582884143340088,3.142857142857143
-19.591822453531332,42.012628541569356,11.083333333333332
-22.206382938052094,-20.720039685178307,3.928571428571429
-22.38665091668277,-25.97041851515864,3.125
-22.36004562121034,-18.296311879537953,5.928571428571429
-22.481165644259477,-29.5690562049898,4.833333333333334
-22.151598392639624,-16.324424847967933,6.9
-21.74821348843032,-22.016373499209045,3.166666666666667
-21.89995321435393,-19.4064492703889,4.833333333333334
-21.245929758839385,-12.02884320282291,7.75
-21.908722942579285,-25.789815772311627,3.2
-21.743566493785917,-26.97038219650586,3.928571428571429
-21.593517850513283,-20.133527367779383,3.9
-21.275620286570412,-21.683818775374384,3.1
-21.557567245030718,-25.18779475258885,3.166666666666667
-21.397697752130362,-28.406731151832197,4.928571428571429
-21.240631866423563,-21.017502610449736,3.2
-19.9696770759589,3.998421133868283,8.9
-21.045097437765815,-30.297457327238767,5.833333333333334
-20.415350897815813,39.913673090830045,11.0
-21.07173414131408,-26.41313124650638,3.9
-20.94842383321086,-19.60289930673132,4.0
-20.859436452764818,-20.56204191396072,3.2
-20.9382215276825,-24.958810020553006,3.2
-19.644783855315666,15.419694869391533,9.42649998664856
-20.286957276009424,-20.35981032196422,3.166666666666667
-20.85501567113897,-24.280341885211648,3.1
-20.500169725611386,-18.61348818307587,4.928571428571429
-22.577547169594162,33.73186826609144,10.833333333333332
-20.34618204475011,-25.96251938645033,4.0
-21.084433339152913,-7.927979051891697,8.083333333333332
-20.294090167000206,-17.258157480156356,6.0
-20.131204602910266,-19.315128756828557,3.833333333333333
-20.243567162205174,-24.119158630335548,3.2
-20.44432968790956,37.030205143287674,11.0
-20.374639195040665,-14.981370700189917,7.0
-20.03488980202934,-27.300624888579755,4.928571428571429
-20.1851348140461,-23.448443970230215,3.166666666666667
-20.150988199762505,-22.861897362270447,3.1
-19.595073124818608,-20.303471669695107,3.083333333333333
-19.88035510277828,-25.18711370937738,3.833333333333333
-19.823557239922163,-22.216261955868504,3.125
-16.9369109782319,42.0511186296145,11.1
-19.411779187506646,-28.91462647069811,5.9
-19.202653750920305,-19.729434602206915,3.166666666666667
-19.377070595385398,-18.852520313935983,4.0
-19.258144696396727,8.559313329241316,8.305208305517832
-19.211858249499272,-24.62268207730475,4.0
-19.212776909834773,-21.90736377102772,3.1
-18.929832213486495,-17.808054680843377,4.928571428571429
-18.71654446143057,5.550672615807793,9.0
-18.769070437690623,-19.292975650684102,3.2
-18.97420782796304,36.79715914503963,11.0
-18.6356198195096,33.57655454739168,10.9
-18.96866852691318,-23.71084476583318,3.833333333333333
-18.940132578159044,-26.118864739708563,4.833333333333334
-18.000107300258417,16.39388379676719,9.52649998664856
-18.513668611889987,-18.60704521880463,3.833333333333333
-18.578067834456803,-21.92387853380747,3.2
-18.3213828610913,-23.113378286367272,3.928571428571429
-18.214951283276733,-8.551370925869325,7.833333333333334
-18.115744439665484,-19.329160611386236,3.1
-18.180008402055808,-16.24389526826525,5.928571428571429
-14.946157918537716,41.814185892039035,11.125
-18.214945702145535,-21.369942673108334,3.166666666666667
-18.366386622485784,-13.34423660037153,7.071428571428571
-18.028584482505543,38.24398784400595,11.0
-17.68736218069006,-22.519089353360606,3.9
-17.69284268935491,-18.15710005677884,3.928571428571429
-17.614689266282248,-19.005038160178245,3.166666666666667
-17.772084623863204,-27.49197161056665,5.928571428571429
-17.78184596638407,-20.75293343911139,3.071428571428571
-17.731971127660884,-25.076245769185807,4.928571428571429
-16.597742339527215,6.889277191041384,7.93285710471017
-17.40993515267552,-17.234733419731285,4.833333333333334
-17.036702543948152,32.84267531664776,10.833333333333332
-17.753538617520988,13.546058449504756,6.759999910990397
-17.167895821346654,-18.72744019868651,3.125
-14.661248363433401,40.96223705540674,11.1
-16.893483435117055,-21.00607484006222,3.3
-16.954495642865368,-17.688887510475343,3.9
-16.927050711239247,-22.059736425076544,3.928571428571429
-16.786629830665653,15.577788078572446,8.421666622161865
-12.40856878070325,-32.65627515975815,6.96875
-16.94277878492995,-20.185805560451662,3.071428571428571
-16.914571891682357,12.337721564192687,5.6384998798370365
-16.638641530356992,-18.53734018369976,3.142857142857143
-16.467031161051885,38.21631806317009,11.0
-16.5063893684464,14.001779712946014,5.659583210945129
-16.697133614087612,-19.51447446228896,3.0
-16.809340556458565,-5.2943733450927075,8.071428571428571
-16.245557354077356,-21.607466187211184,4.0
-16.281106201089884,-17.248898689958125,4.0
-16.131760427613102,-17.9755836400077,3.166666666666667
-16.261401127643516,-27.99580135247565,6.75
-16.16306740687974,-15.112459254359273,6.0
-16.394705642541894,-23.954132548136627,4.928571428571429
-16.371425758259505,11.761304118056213,5.6384998798370365
-16.07851515521238,-25.940412077265577,6.0
-15.893109348993153,16.96740048844965,8.816249966621399
-15.92898678779602,13.250100930531818,5.264999866485596
-16.173184622546373,-16.444969589345046,5.0
-15.787388917257184,-12.654359918626602,6.833333333333334
-15.834780202951112,14.732555672777647,5.738499879837036
-15.960386620030986,-19.906459561160407,3.166666666666667
-12.67685374342676,39.1082618664083,11.05
-14.829947925877505,32.73377613795934,10.109285695212229
-15.518889951707937,3.473479106298762,8.14874999523163
-15.722014109773736,-17.61592934109693,3.25
-15.689922662364417,-21.025377497032046,3.928571428571429
-15.669257669363596,11.22453349979314,5.5762498776117955
-15.325491428375244,12.609637101491291,5.264999866485596
-15.265815655346142,-17.034734975700182,3.875
-16.71969373653344,20.50190288404158,9.705909078771418
-15.472944140133283,-19.35220507959648,3.083333333333333
-15.322945753733318,14.022680282592773,5.264999866485596
-15.410821405787477,15.534741286741484,6.211999893188477
-15.163317149053768,-18.195143699731084,3.071428571428571
-15.101929338500089,-22.76880396957887,4.928571428571429
-14.9628066278644,-20.33611832155431,3.833333333333333
-15.335223271071701,10.111274626141352,5.887499888737997
-14.691566848754883,12.078454399108887,5.264999866485596
-14.798574258423224,-19.414899737234396,3.2
-14.850462722778321,13.379679298400879,5.264999866485596
-14.08310879569229,-5.420995414835488,7.916666666666666
-14.716904958089192,14.795259634653728,5.264999866485596
-14.53892857372604,-26.45946789732271,6.833333333333334
-14.45234113251651,-16.685494699685393,3.9
-14.585476729761758,-17.970516836311074,3.1
-14.614810066514343,15.93902595743918,5.738499879837036
-14.74723761482599,-15.954678740482152,4.916666666666666
-14.784877518032282,-10.48991428006319,7.1
-14.466389469008028,-24.447882641588308,6.0
-14.370573211600574,-18.95090457269923,3.166666666666667
-14.43357816327287,9.761550765955013,5.6384998798370365
-13.553121908278701,34.03528029403647,10.044166644414265
-14.16547344352156,-19.968392926275282,4.0
-14.350095653533936,11.432916259765625,5.264999866485596
-14.24230820275199,-17.519198188648737,3.166666666666667
-14.108589240482875,12.835059710911342,5.264999866485596
-14.11130082778817,-14.708854790371944,5.642857142857142
-14.021155402760284,-18.491075222668083,3.1
-14.106407574244908,14.046239580426898,5.264999866485596
-14.08672451773705,-21.526387053502507,4.833333333333334
-13.816119602748326,15.356163365500315,5.264999866485596
-13.848093636838133,-16.1496035521998,4.083333333333334
-14.076741735234801,16.749879696417466,6.054166555404663
-13.737171565382067,-17.144077052296375,3.166666666666667
-12.863367241912558,3.667857154469626,7.458571434020996
-14.09712643162252,9.10607261176353,5.731874883174896
-13.716171582539875,10.90173355738322,5.264999866485596
-13.582203366157298,-19.26675187710412,3.833333333333333
-13.630231221516926,11.99031623204549,5.264999866485596
-13.492586688353082,-18.29000716206815,3.166666666666667
-12.983489246280467,20.915908648979837,8.442749953269958
-13.399019622802735,13.538217926025391,5.264999866485596
-13.205622116724651,14.607143243153889,5.264999866485596
-13.17272351784683,-16.81374619312262,3.166666666666667
-13.08530577023824,16.13115962346395,5.264999866485596
-13.383210262242622,8.448423549929934,5.643749892711639
-12.332026675391136,-4.611823483620789,7.8
-13.086487438648252,-15.720810253474994,4.0
-13.27117479932662,17.468560507179916,6.054166555404663
-12.918302764553918,-14.768954444032307,5.0
-13.105674130575999,10.15271350315639,5.264999866485596
-12.908965984980266,11.460824966430664,5.264999866485596
-12.909998369074074,-18.004585064861274,3.166666666666667
-12.946675471810114,-24.671913165170004,6.75
-12.728575673895271,-19.005772045119635,4.0
-12.899417468479701,12.765311922345843,5.264999866485596
-11.527974544809528,33.06896449520153,9.566249966621399
-12.625891936184729,-16.611332303792373,3.1
-12.81650227258412,-22.808282884257125,5.928571428571429
-12.602126836776733,13.966679493586224,5.264999866485596
-12.722459596249195,-20.637231139426824,4.928571428571429
-12.730593299865722,15.37718563079834,5.264999866485596
-12.544535993498233,-9.456658146987087,6.928571428571429
-12.768792894529437,7.871635026649557,4.792499971389771
-12.494539260864258,8.425479253133137,5.02999989191691
-12.942049653379142,-1.6042998165652214,8.25
-12.378682613372803,16.79699468612671,5.264999866485596
-12.662622754186888,-12.833802185997186,6.0
-12.349713722864788,9.569548209508259,5.147499879201254
-12.328769758416112,17.945303537161347,5.659583210945129
-12.254907394366088,-15.195803325152381,3.928571428571429
-12.427634138031774,-17.666982445532184,3.1
-12.305470705032349,10.820361137390137,5.264999866485596
-12.202342828114826,12.126660426457722,5.264999866485596
-12.171623148981926,-16.237782021541534,3.166666666666667
-12.109527397155762,13.302329826354981,5.264999866485596
-11.940526214702569,-18.43068746828589,3.928571428571429
-12.096668720245361,14.846002976099651,5.264999866485596
-12.317625859056122,7.0704362123690405,4.830000003178915
-12.01072843869527,15.93458604812622,5.264999866485596
-11.837147045036755,-14.059780296755367,4.833333333333334
-11.628448486328125,9.040057182312012,4.3249999682108555
-12.006996563502721,8.68335952077593,4.862142767224993
-11.789830088615417,17.351857662200928,5.264999866485596
-11.867298993646397,-17.504285219902044,3.166666666666667
-11.619637195330059,-14.62658888342819,3.9
-11.658869062151227,10.134150096348353,5.0635713168552945
-11.669585126725309,18.665782091273304,5.738499879837036
-11.502018775453326,-16.07438325128719,3.083333333333333
-11.598847548166912,11.486196756362915,5.264999866485596
-11.16593537920373,2.1326294941985173,7.754642861230033
-11.402139868055071,12.794308730534144,5.264999866485596
-11.11166680747755,-1.8888782288622874,8.083333333333332
-11.486171313694545,14.096983432769775,5.264999866485596
-11.3318475446452,6.767679529572494,4.28375001748403
-11.351321756839017,-19.692133861674655,5.0
-10.185967553039852,33.5962421367978,9.566249966621399
-11.26446232512346,-15.388017412100602,3.166666666666667
-11.195883205958776,15.406907217843191,5.264999866485596
-11.255320294898157,-17.955896717014593,3.9
-11.306309521965048,-17.186609980801272,3.166666666666667
-11.158502646854945,8.187387568610056,3.955714293888637
-11.279914651598249,16.709581443241664,5.264999866485596
-11.01750602722168,9.736647796630859,4.277999973297119
-11.186809062957764,9.456204771995544,4.736249923706055
-11.090573242732457,17.924385751996724,5.264999866485596
-10.974194739331416,-14.152367038293562,4.0
-10.875751972198486,10.807290256023407,5.088749885559082
-11.03362435707199,19.26503364766979,5.738499879837036
-11.02833374503144,-14.868360249263922,3.25
-10.916547150103463,-21.44478369413518,6.0
-10.7916419506073,12.045288801193237,5.264999866485596
-10.671326160430908,13.56930462519328,5.264999866485596
-10.622133422902737,-7.396740349026788,7.0
-10.750614597792364,-16.924555418402846,3.2
-10.804437108200705,6.028800913315973,4.369500017166137
-10.585385878880818,14.657887299855549,5.264999866485596
-10.178661906468886,-24.759547511324456,6.928571428571429
-10.467102336883546,7.595208168029785,3.8550000190734863
-10.46506945292155,16.18190288543701,5.264999866485596
-10.547913108820433,-17.52309069710462,4.0
-10.59557947476787,-18.508459099357353,4.833333333333334
-10.624306746891566,9.036212784903391,3.955714293888637
-10.49002447128296,17.246599388122558,5.264999866485596
-10.472833251953125,10.008056354522704,4.136999988555909
-10.190183925628663,10.274390506744385,4.841999912261963
-10.37658389409383,18.683528582255043,5.264999866485596
-10.39368270105565,-12.091026356178071,5.75
-10.643041560530705,-13.270733558809457,4.916666666666666
-10.43605848559013,-15.137445027587495,3.142857142857143
-10.503470699084023,-16.309810210335947,3.083333333333333
-10.12926197052002,11.46031133333842,5.02999989191691
-10.397663492051237,19.86428577627086,5.738499879837036
-10.226410850416093,-13.907747794154997,3.9
-10.31661319732666,12.815331077575683,5.264999866485596
-10.535123739171173,5.105599291208282,4.884000015258789
-9.951461696624756,14.126704597473145,5.264999866485596
-10.125631141662598,6.949669933319091,3.8550000190734863
-10.110356998443603,15.427929496765136,5.264999866485596
-10.012631361601956,-16.841523233449045,3.833333333333333
-9.890959092773482,-16.048532928954266,3.166666666666667
-9.884124823978969,8.351813793182373,3.8550000190734863
-9.86590404510498,16.867395210266114,5.264999866485596
-8.853991778782742,34.18558553844174,9.566249966621399
-9.847248474756878,9.509319702784222,3.9725000063578286
-9.780454908098493,17.949757303510395,5.264999866485596
-9.771190762560082,-15.011729703826735,3.166666666666667
-9.424820998666046,-1.5810302908380784,7.9
-9.543910312652589,11.004272270202637,4.277999973297119
-9.886909008026123,10.801984500885009,4.9829998970031735
-9.80097255706787,19.346826553344727,5.264999866485596
-9.574740273611887,12.270711490086146,5.1642855916704455
-9.761702627030484,20.463537332667347,5.738499879837036
-9.509836279161966,-13.418876126447902,4.125
-9.61644693828248,4.922456870934301,4.369500017166137
-9.59674882888794,13.372731049855549,5.264999866485596
-9.346442759294895,-19.602507877115485,6.0
-9.252258488316862,1.1916155707421852,7.864722225401136
-9.445891932400812,-17.495315370408797,4.928571428571429
-9.375289315952717,-15.79124401466285,3.2
-9.484704426356725,6.309931005750384,3.8550000190734863
-9.368483679635183,14.8833099092756,5.264999866485596
-9.295362574713572,7.524735450744629,3.8550000190734863
-9.366301945277623,16.094489642551967,5.264999866485596
-9.25376572898649,-16.409589581267376,4.0
-9.124276201647444,-15.200197657087806,3.3
-9.067097425460815,9.035314718882244,3.8550000190734863
-9.17990665435791,17.27197093963623,5.264999866485596
-9.20134049654007,10.269084632396698,4.119374990463257
-9.16704797744751,18.815644105275474,5.264999866485596
-9.057432112576151,-12.200066828985367,4.9
-9.169973182678223,11.598449802398681,4.41899995803833
-8.82773808638255,11.376824617385864,4.677499930063883
-8.970703465597971,19.921892302376882,5.264999866485596
-8.968618859597465,4.1213985551106616,4.590000016348703
-8.731430564607892,12.892611707959857,5.1642855916704455
-9.954309743936562,22.472635021157515,6.311999893188476
-8.59255983246317,-13.06303806243219,4.1
-8.694049426487513,5.673091718128749,3.8550000190734863
-8.779721464429583,14.056231907435826,5.264999866485596
-6.124549894728989,-23.332427480356216,7.0
-8.583918968836468,6.870834708213806,3.8550000190734863
-8.658914041519164,15.586468029022218,5.264999866485596
-8.234000941544041,-6.492666538647525,6.7
-8.581373135248821,8.283878246943157,3.8550000190734863
-8.472519159317017,16.763949053628103,5.264999866485596
-8.64517324593465,-15.93598334132777,3.9
-8.467931938171386,9.720807456970215,3.8550000190734863
-8.425254964047909,-0.2986809248585696,7.7
-8.556550536836896,18.06662368774414,5.264999866485596
-8.872103047363762,-4.1317081127239526,7.0625
-8.9508972846014,-10.755315330988838,5.857142857142858
-8.27453402678172,10.789732774098713,3.9725000063578286
-8.011912781075809,35.298510455542825,9.85299997329712
-8.259259859720867,19.26799122492472,5.264999866485596
-8.203411789220132,3.533072919803998,4.369500017166137
-8.183660864830017,12.28600537776947,4.383749961853027
-8.49893581867218,12.089689095815022,4.912499904632568
-8.24934778894697,20.774341447012766,5.264999866485596
-8.304132285367977,-16.436674118881207,4.916666666666666
-8.05312271118164,5.033352899551391,3.8550000190734863
-8.108510875701905,13.44502878189087,5.123999881744385
-9.264842703139614,24.090732883489117,6.220833222071329
-8.202449236054038,-17.743846704488718,5.9
-7.855154849532759,-12.39273277496213,4.25
-7.949994421005249,6.339652109146118,3.8550000190734863
-8.058365719658987,14.908681460789271,5.264999866485596
-8.048914859832482,-1.911184786647396,7.0
-8.108890008926391,7.64087700843811,3.8550000190734863
-7.972916793823242,15.99104347229004,5.264999866485596
-8.059441717767609,-15.143644973700145,4.1875
-7.867383752550397,9.043020793369838,3.8550000190734863
-7.849162912368774,17.558602333068848,5.264999866485596
-7.6710392236709595,10.149268945058186,3.8550000190734863
-7.6416687858597605,-10.949452292278217,4.916666666666666
-7.655765096346537,18.627527713775635,5.264999866485596
-7.7133296530793185,0.443264799375297,7.083333333333334
-7.6449685302943315,2.6862580945079504,5.320000012715658
-7.7978140626634875,11.699554375239781,4.157142843518939
-7.7842309951782225,20.03803367614746,5.264999866485596
-7.688310472038177,1.504628202457825,7.8855000019073485
-7.688405674539203,-8.925521376467051,5.928571428571429
-7.580639759699503,4.390352129936218,3.8550000190734863
-7.363473040716989,13.058850015912737,4.257857118334089
-7.742021203041077,12.702152490615845,4.7949999173482265
-7.432320674260458,21.457842667897545,5.264999866485596
-6.933923268785007,-11.862187529341199,4.083333333333334
-7.608523178100586,5.69411416053772,3.8550000190734863
-5.370192125705677,-20.539297586198842,7.0
-7.580007791519165,14.06393798192342,5.147499879201254
-8.187957933795175,24.397520120384286,6.084285599844796
-7.474965850512186,7.109694520632425,3.8550000190734863
-7.24133845170339,15.592182238896687,5.264999866485596
-7.414713034247425,-18.2665915416578,6.7
-7.278621367045812,8.215942757470266,3.8550000190734863
-7.255980908870697,16.78750830888748,5.264999866485596
-7.441095255841371,-14.365179017173373,4.1
-7.168126940727234,9.615549087524414,3.8550000190734863
-7.163165426254272,17.96317768096924,5.264999866485596
-6.95634870277809,-15.078047746292997,4.9
-7.165581107139587,11.028592268625896,3.8550000190734863
-7.017815587454992,1.6993890360752153,7.085500001907349
-7.042358160018921,19.49341378893171,5.264999866485596
-7.1415795367057,-0.799886909399256,6.166666666666666
-7.0514782692327245,-16.218284530173808,5.857142857142858
-6.972274615059652,3.5834512633415354,4.545833349227905
-6.9187637737819125,12.18240009035383,3.955714293888637
-7.064366658528646,20.595433394114174,5.264999866485596
-6.742012633273415,-2.6366275890066273,6.0
-6.974599123001099,5.162931561470032,3.8550000190734863
-6.667380905151367,13.472937488555909,4.136999988555909
-6.841554244359335,13.752163251241047,4.912499904632568
-6.340090094291337,35.23806702008363,9.566249966621399
-6.712456274032593,22.01524238586426,5.264999866485596
-6.702124197624717,-10.952348885849606,4.2
-6.96866727694778,1.1238379819178945,6.4
-6.864468199866159,6.360674551555089,3.8550000190734863
-6.873384674390158,14.72977336247762,5.147499879201254
-7.152093846525398,24.51876917821329,5.838499879837036
-6.652096667408658,-9.905942523153051,4.833333333333334
-6.678073072433472,7.538156127929687,3.8550000190734863
-6.5870064951023535,0.23632615004017743,5.333333333333334
-6.6524858474731445,16.147044897079468,5.264999866485596
-6.542738852040223,-7.113534452111278,5.9
-6.557265622275216,9.06839234488351,3.8550000190734863
-6.463932841284974,1.3280113280773984,5.6
-6.4315872589747105,17.564316590627037,5.264999866485596
-6.555083479200091,10.279572214399066,3.8550000190734863
-6.508797988802025,-14.214481489633314,4.333333333333334
-6.5640000104904175,18.64867067337036,5.264999866485596
-6.368688344955444,11.457053756713867,3.8550000190734863
-6.332788324356079,20.196572303771973,5.264999866485596
-6.1209481308970295,4.375236468577535,4.632187515497208
-6.3862590312957765,12.891445732116699,3.8550000190734863
-6.357743581136068,21.261269092559814,5.264999866485596
-5.914458642832563,-10.570504810870219,4.1
-6.281757383103509,2.249379170611455,6.550714288439069
-6.073813472475324,5.723835263933454,3.8550000190734863
-6.134931127230326,14.417998631795246,4.442499955495199
-6.051536639531454,14.093538125356037,4.7949999173482265
-6.136844754219055,22.67854086558024,5.264999866485596
-6.064265211423239,7.028322219848633,3.8550000190734863
-6.142570699964251,15.504768984658376,5.0635713168552945
-7.173252184866678,26.339196549527685,6.411999893188477
-6.078907450040182,8.223648866017658,3.8550000190734863
-6.06363328297933,16.70190739631653,5.264999866485596
-5.915677902266742,-4.891174794488297,5.875
-5.740238269170126,9.751893202463787,3.8550000190734863
-5.9327460970533075,-1.015074111926935,5.2
-5.724963943163553,18.230151812235512,5.264999866485596
-5.834724676078265,-14.181481953307667,4.833333333333334
-6.08251717643251,-13.537047275427177,4.25
-5.6613006591796875,10.94903210231236,3.8550000190734863
-5.78808448250896,3.0337433958935414,7.471000003814697
-5.739606320858002,19.42547833919525,5.264999866485596
-5.651752412319183,12.253519058227539,3.8550000190734863
-5.542898178100586,20.733589853559224,5.264999866485596
-5.390673816852864,-9.871746793288505,4.166666666666666
-5.72643517343859,-8.590185156783495,4.928571428571429
-4.735792897398799,-16.61224961489181,6.857142857142858
-5.498275262177954,5.090603972734263,4.3731250166893005
-5.666394631067911,13.448845704396565,3.9725000063578286
-5.651120464007059,21.927104155222573,5.264999866485596
-5.450457382202148,6.5184883117675785,3.8550000190734863
-5.495532703399658,15.060793781280518,4.277999973297119
-5.344913562138876,14.759373505910236,4.677499930063883
-5.530804117520651,23.451119899749756,5.264999866485596
-5.641445173911349,-14.628399722614628,5.625
-4.3644837860368355,37.729480914172996,10.1274999777476
-5.264062234333583,7.69596985408238,3.8550000190734863
-5.222766935825348,16.133973300457,5.088749885559082
-5.673527817554907,25.454833389364374,5.742916544278463
-5.372284332911173,8.889484246571858,3.8550000190734863
-5.246605941227504,17.385408673967632,5.264999866485596
-5.248180760297979,2.5739023424373633,7.4
-5.020373916625976,10.309293174743653,3.8550000190734863
-5.005099511146545,18.787552261352538,5.264999866485596
-5.042620934857928,1.3742272667996323,5.277777777777778
-4.54512421850985,-9.348219044655131,4.083333333333334
-5.224062474700312,-13.286044584086394,4.5
-5.048257410526276,11.613055229187012,3.8550000190734863
-5.032983243465424,20.0913143157959,5.264999866485596
-4.827358802159628,13.03032700220744,3.8550000190734863
-4.8120844165484105,21.508586088816323,5.264999866485596
-4.783530824599052,2.5410349046554987,6.125
-4.864928481704336,5.712761092208023,4.232857159205846
-4.849367329052516,14.132346561976842,4.0564285687037875
-4.826726824045181,22.70391273498535,5.264999866485596
-4.878677050672923,-7.054674793777956,4.928571428571429
-4.653564631938934,6.946949799855551,3.8550000190734863
-5.11811229506224,-12.174756183137449,4.214285714285714
-4.88019757270813,15.39878578186035,4.277999973297119
-4.537198829650879,15.60107355117798,4.841999912261963
-4.623016059398651,23.903467973073326,5.264999866485596
-4.582149355935873,-13.136452152128657,5.125
-4.640706181526184,8.490622901916504,3.8550000190734863
-4.575395154953003,16.774205207824707,5.123999881744385
-5.4509920774924865,27.114175106107012,6.220833222071329
-4.55525701386588,9.572985104152135,3.8550000190734863
-4.084709727375636,-8.39608084756529,4.142857142857142
-4.532616515954336,18.144551753997803,5.264999866485596
-4.437396304947989,11.065898486546107,3.8550000190734863
-4.6073532193033735,4.54469669117967,6.463750004768372
-4.530070722103119,19.55759493509928,5.264999866485596
-4.248708416718298,-2.0011046747332903,5.0
-4.673665039791704,3.389231790205578,6.775357144219535
-4.459404846032461,12.16791804631551,3.8550000190734863
-4.444130639235178,20.64617760976156,5.264999866485596
-4.238506227731705,13.585189819335938,3.8550000190734863
-4.108043294368006,-5.647133746296069,4.833333333333334
-4.09222002029419,22.06598663330078,5.264999866485596
-3.771491070574002,-14.320748748965396,6.5625
-4.009882182838459,6.247599252762686,4.084000015258789
-4.2948456803957615,14.942746718724568,4.089999993642172
-3.989091944694519,23.372285842895508,5.264999866485596
-4.334473225513674,-11.633696934800984,4.25
-3.674185188954249,-7.552913109830996,4.1
-4.0401577098029,7.812836238316127,3.8550000190734863
-3.905885299046834,16.417619148890175,4.3249999682108555
-4.2339239597320555,16.128667449951173,4.9829998970031735
-3.9915882688975293,-12.745438322244677,5.666666666666666
-4.0169754425684605,24.676047801971436,5.264999866485596
-4.041207322746521,4.07580631566386,6.125
-3.954708623886108,8.895198440551757,3.8550000190734863
-3.657572620072192,2.686265501967554,5.142857142857142
-4.046892066796621,17.393115043640137,5.02999989191691
-4.3137035957278895,26.982414894075543,5.838499879837036
-1.2556948222303963,39.10451150568933,10.210833311080933
-3.97227942943573,10.32959041595459,3.8550000190734863
-3.81862701688494,18.903694016592844,5.264999866485596
-3.7278265953063965,11.769056701660157,3.8550000190734863
-3.6292852674211775,20.118498393467494,5.264999866485596
-3.4466879479778805,-6.722552129194304,4.166666666666666
-3.635011225938797,12.94472599029541,3.8550000190734863
-3.7375074426333112,21.312012831370033,5.264999866485596
-3.1887324553002827,4.322453623566691,5.044375002384186
-3.531883016228676,14.251025199890137,3.8550000190734863
-3.516608754793803,22.729284604390465,5.264999866485596
-3.3523746798388268,-12.004703020046724,5.2
-3.5624191600023076,7.0281293965182865,3.969500017166138
-3.5483556538820267,15.595767736434937,4.119374990463257
-3.6440656929728776,-4.187615819789319,4.916666666666666
-3.4134805401166277,24.03558381398519,5.264999866485596
-3.223130365212758,8.496337095896404,3.8550000190734863
-3.3084385991096497,17.081340789794922,4.3249999682108555
-3.17475289106369,16.703508297602333,4.677499930063883
-3.5793521674939237,-11.11901865085551,4.25
-3.4413641452789308,25.339345932006836,5.264999866485596
-2.9746284313134126,-5.958918153508138,4.1
-3.3313525574547906,9.689851488385882,3.8550000190734863
-3.2298647250447954,18.076616423470632,4.962857042040143
-2.7801761784711254,-2.8624246540914235,4.642857142857142
-4.029667084932463,28.299411346528522,6.220833222071329
-3.228224379675729,10.996150697980609,3.8550000190734863
-3.119370222091675,19.4762225151062,5.264999866485596
-3.0418291330337524,12.17363224029541,3.8550000190734863
-3.005929207801819,20.913151741027832,5.264999866485596
-2.797376310825348,13.613098526000977,3.8550000190734863
-2.920480123588017,21.995514052254812,5.264999866485596
-2.7197243234041473,-5.152691157874589,4.166666666666666
-2.7074893812338514,15.027833143870037,3.8550000190734863
-2.9409974575042725,23.392583084106445,5.264999866485596
-2.9264583426652715,7.627381239017066,3.969500017166138
-2.732444500923157,16.092530059814454,3.9960000038146974
-1.8085649720204708,5.812780174794282,4.713750004768372
-2.8074399034182234,24.808163483937584,5.264999866485596
-2.842080752424244,-10.727625464846334,4.3
-2.6239649653434753,9.181829833984375,3.8550000190734863
-2.5519880558287245,-12.734688729452962,6.583333333333334
-2.6944403797388077,17.609517335891724,4.207499980926514
-2.6293163180351256,17.398829460144043,4.700999927520752
-2.538093600675963,-4.219821654728528,4.2
-2.7214997311433153,25.896746158599854,5.264999866485596
-2.437569737434387,10.359311376299177,3.8550000190734863
-2.55898209129061,18.881505966186523,5.1642855916704455
-3.1923491172396767,28.924690368236256,6.220833222071329
-2.3344415426254272,11.665610585893903,3.8550000190734863
-2.4127471148967743,20.14205765724182,5.264999866485596
-2.614986775810441,-9.923884074626397,4.166666666666666
-0.630585084901405,37.50368041125115,9.649583299954731
-2.4426637291908264,12.859124978383381,3.8550000190734863
-2.2090364297231035,21.34161297480265,5.264999866485596
-2.221765001614888,14.276396751403809,3.8550000190734863
-2.307073215643565,22.86140012741089,5.264999866485596
-2.19615362032998,-11.384720525575226,5.571428571428571
-2.0996838743073942,-10.784620668593982,4.875
-2.0008661448955536,15.693668603897095,3.8550000190734863
-2.196942380496434,24.05914306640625,5.264999866485596
-1.8054046725062012,8.14382069717154,4.018571444920131
-2.1090883272034784,16.88718352999006,4.0564285687037875
-1.7345452365778429,-3.752998812357551,4.083333333333334
-2.000234206517537,25.36725457509359,5.264999866485596
-1.8270721236864724,9.610291322072346,3.8550000190734863
-2.1142726625714983,18.005056381225586,4.257857118334089
-1.7860157887140908,18.415125846862793,4.912499904632568
-1.9044723425592696,26.58024665287563,5.264999866485596
-1.8245264291763306,11.023334503173828,3.8550000190734863
-2.090819620980408,-9.35696724999774,4.125
-1.7086696500579515,19.394850254058838,5.264999866485596
-2.1076626837198744,28.864669199494944,5.838499879837036
-1.6036277090509734,12.440606276194256,3.8550000190734863
-1.706123948097229,20.8078932762146,5.264999866485596
-1.6443155735607646,-8.463259096452855,4.142857142857142
-2.1664024274989897,-7.59300816007549,4.0
-1.7360405623912811,13.52496035893758,3.8550000190734863
-1.5956294515303204,22.20749977656773,5.264999866485596
-1.423087879909544,-2.924028457638287,4.1
-1.5151418211559453,14.942232131958008,3.8550000190734863
-1.499867558479309,23.42049185434977,5.264999866485596
-1.4017007112503053,16.37916145324707,3.8550000190734863
-1.303159472133432,24.72860336303711,5.264999866485596
-0.7817604013805715,8.673139445563224,3.9981250166893005
-1.2647214046955924,17.596445560455322,3.943125009536743
-1.3039238929748536,25.902460289001464,5.264999866485596
-1.0575467862254166,-7.017096332889809,4.142857142857142
-1.2136651564921652,10.476177760532924,3.8550000190734863
-1.1827463847807176,-2.1872223354256364,4.1
-1.155720481276512,18.666453742980956,4.277999973297119
-1.2811940275132656,18.941188097000122,5.088749885559082
-1.1495512723810855,-6.0088933404235245,4.1
-1.321494698524475,27.336852264404296,5.264999866485596
-1.38705895202024,-1.436220794343345,4.166666666666666
-1.235673782726129,11.578197320302326,3.8550000190734863
-1.0584650235250592,20.209043979644775,5.088749885559082
-1.7651214599540925,30.089515101901064,6.220833222071329
-1.5586892660883045,-0.0904751789529469,4.214285714285714
-1.0044622361660003,13.126099014282227,3.8550000190734863
-1.1172712991635003,21.362755934397377,5.264999866485596
-1.0294173893829188,14.19079573949178,3.8550000190734863
-0.7786020499964554,22.891000270843506,5.264999866485596
-0.5520708638215845,-10.238245968304795,4.95
-0.9380982666567506,-5.145461246683569,4.083333333333334
-0.8011523415999753,15.701374667031423,3.8550000190734863
0.7467139625282753,37.944959367936164,9.649583299954731
-0.6926618839303653,23.979582945505776,5.264999866485596
-0.7157032615388743,16.78373727798462,3.8550000190734863
-0.6798033498227596,25.52325611114502,5.264999866485596
-0.8510953801302589,-13.489783661228726,6.8
-0.013008566875937877,9.162192404282067,4.045833349227905
-0.591949423297774,18.351296424865723,3.9960000038146974
-0.6805678270757198,26.697113037109375,5.264999866485596
-0.766779767484614,1.0288964202002666,4.25
-0.3966378110150496,11.159678618113201,3.8550000190734863
-0.2721870088328918,19.64005263646444,4.207499980926514
-0.7010263582425458,19.336727142333984,4.862142767224993
-0.6016302903493245,27.89425198237101,5.264999866485596
0.015034270563584307,-4.617025370252776,4.2
-0.5048599881785256,12.353193010602679,3.8550000190734863
-0.2782353150347869,20.944237550099693,5.147499879201254
-0.9290323513330847,30.69890357496202,6.220833222071329
-0.6230098068196045,-11.906840866107233,6.0
-0.21457206457853317,13.6631167275565,3.8550000190734863
-0.4106481646498044,22.028591632843018,5.264999866485596
-0.212390025811536,14.874296597072057,3.8550000190734863
-0.058737628161907196,23.448400497436523,5.264999866485596
-0.09484082597745219,-3.573054714792108,4.166666666666666
-0.09158269528998061,16.404533004760744,3.8550000190734863
-0.07925494174872126,24.845469747270855,5.264999866485596
0.0012326841824688017,17.580202341079712,3.8550000190734863
0.01650696496168772,26.058461825052895,5.264999866485596
-0.1341776917686764,-2.697670876225935,4.1
0.5430990594741782,0.6085216963947417,4.25
0.67119273011424,10.053431693943661,4.045833349227905
0.14746766385256446,18.840754236493794,3.955714293888637
0.21321502274700574,27.366573333740234,5.264999866485596
0.09727951388635273,-1.8270196119710875,4.166666666666666
0.20252762734889984,11.845171356201172,3.8550000190734863
0.10690660153826077,20.29954481124878,4.3249999682108555
0.3988503932952881,20.131291580200195,4.559999942779541
0.4143673909149964,-11.587747339693195,5.2
0.10499284416437149,28.56008768081665,5.264999866485596
0.09941460664997712,-0.9796407730586661,4.1
0.28503018617630005,12.890210723876953,3.8550000190734863
0.32093011140823363,21.629730033874512,5.264999866485596
-0.08634493732660498,31.291384395394207,6.220833222071329
0.529483012855053,14.32967700958252,3.8550000190734863
0.2959749686221282,22.694426695505776,5.264999866485596
0.4010169288764397,15.740183115005493,3.8550000190734863
0.5168737048904102,24.111698468526207,5.264999866485596
0.4179202109672635,-0.1718620099303455,4.166666666666666
0.7053101057438955,16.832994858423866,3.8550000190734863
0.6303147174417972,25.548627662658692,5.264999866485596
0.8388676175032742,18.24857521057129,3.8550000190734863
0.8237125867356856,26.6175529162089,5.264999866485596
2.021674091937316,38.82855296179957,9.95299997329712
0.670044185196831,-13.34330719490973,6.0
0.975419635332346,11.081784525785569,3.950416684150696
0.6799722127616405,19.54980010986328,3.9960000038146974
0.8365711092948913,28.161226081848145,5.264999866485596
0.9924177995749882,12.382189069475446,3.8550000190734863
1.0146947130560875,20.751892566680908,4.207499980926514
0.7632384859025478,21.018752574920654,5.02999989191691
0.8116159761945407,29.22592274347941,5.264999866485596
0.8841956133643787,13.575703461964924,3.8550000190734863
1.060347203697477,22.11918830871582,5.1642855916704455
0.8875178586463682,31.341434952715115,5.838499879837036
1.1124606313449996,15.086282321384974,3.8550000190734863
0.16921432457324892,-15.06767975977358,6.833333333333334
1.1130023183567184,23.377927916390554,5.264999866485596
1.2627097615845688,-12.404732772114379,5.25
1.3088050186634064,16.192530632019043,3.8550000190734863
1.2929094964712542,-2.6040001719219763,4.785714285714286
1.1229143279294171,24.8842781384786,5.264999866485596
1.3262674735181887,-1.0117112546911438,4.785714285714286
1.1803389252279886,17.603036880493164,3.8550000190734863
1.427207499742508,25.977089405059814,5.264999866485596
1.3138964430739484,19.018617153167725,3.8550000190734863
1.3291707187891006,27.496876557668052,5.264999866485596
1.8344435855846406,11.508127986302561,3.9981250166893005
1.510240875184536,20.124865259443013,3.955714293888637
1.6264612674713135,28.698244094848633,5.264999866485596
1.7232316136360168,13.157184839248657,3.8550000190734863
1.7017105221748352,21.721685028076173,4.41899995803833
1.479410755634308,21.391304588317873,4.841999912261963
1.5182391355435052,29.89175844192505,5.264999866485596
1.5908187702298164,14.241538842519123,3.8550000190734863
1.8531839166368758,22.69352858407157,5.0635713168552945
1.3480003606663762,32.426439335640794,6.220833222071329
1.9427292823791504,15.66134786605835,3.8550000190734863
2.0669063786537842,0.5908751983594791,5.0
1.834358070577894,24.230377061026438,5.264999866485596
1.8142631947994232,17.071854432423912,3.8550000190734863
2.0307024518648786,25.336625258127846,5.264999866485596
2.1111920089369907,-14.685571442925605,6.0
1.9243940200124467,18.269597462245397,3.8550000190734863
1.9326656758785248,26.856412410736084,5.264999866485596
2.221684565146764,19.470964908599854,3.8550000190734863
2.2369588414827986,27.9492236773173,5.264999866485596
2.272970439203644,12.151199769107967,3.969500017166138
2.192957364022732,21.005680799484253,4.03125
2.357275078694026,29.473239421844482,5.264999866485596
1.2266136589396415,2.416405879337381,4.928571428571429
3.2342910583840214,39.11640004412244,9.95299997329712
2.429854730765025,13.823020378748577,3.8550000190734863
2.468683099746704,22.323474311828612,4.277999973297119
2.2463833570480345,21.99309387207031,4.700999927520752
2.2248622477054596,30.557593504587807,5.264999866485596
2.3446350141498336,-11.5320665314547,5.214285714285714
2.2974418699741364,14.907374382019043,3.8550000190734863
2.2994748711586,23.494069290161132,5.264999866485596
2.312754103207925,32.5560065902638,5.838499879837036
2.538109382409549,-2.073395822435482,5.0
2.5257068957601274,16.417953286852153,3.8550000190734863
2.664626693725586,24.805442810058594,5.264999866485596
2.38622032162141,-4.501494195367097,5.0
2.7150486537388394,17.6327577318464,3.8550000190734863
2.644109376839229,26.202512059892925,5.264999866485596
1.8041019952118396,-6.155910537055799,4.785714285714286
2.8251794775327044,18.830500761667885,3.8550000190734863
2.8404537439346313,27.308760166168213,5.264999866485596
2.8277251720428467,20.24354394276937,3.8550000190734863
2.933585645059509,-9.594304677718217,5.2
2.474902710488502,3.9566643071090133,5.2
2.842999468247096,28.72180334726969,5.264999866485596
2.908931244619751,12.750452088443904,3.969500017166138
2.8891561428705854,21.712073485056557,3.9725000063578286
2.956440472602844,30.158732414245605,5.264999866485596
2.2563306728088763,-8.021604167507718,5.0
3.1364778478940325,14.488856315612793,3.8550000190734863
2.293908924440816,-17.41467641312213,6.875
3.1848553021748858,22.69602632522583,4.089999993642172
2.9551343406949724,23.040944235665457,4.962857042040143
2.9314853350321455,31.223429203033447,5.264999866485596
3.0040649970372515,15.5732102394104,3.8550000190734863
3.1297435079302107,24.069134439740864,5.1642855916704455
2.5769164256687302,33.74808728296929,6.411999893188477
3.091106201356601,-0.8754531122302565,5.1
3.076968558022365,-3.098116844973758,5.1
3.2249637246131897,16.990481853485107,3.8550000190734863
3.109226202964783,25.466203689575195,5.264999866485596
3.3280919194221497,18.296781063079834,3.8550000190734863
3.343366175889969,26.77504014968872,5.264999866485596
3.3002082824707033,19.600543212890624,3.8550000190734863
3.446494360764821,28.08133920033773,5.264999866485596
3.7316895472166243,2.5474038316486616,5.857142857142858
3.4337657888730364,21.016123612721763,3.8550000190734863
3.5569888693945746,29.480945450919016,5.264999866485596
2.4121149406874793,5.980565035835015,4.972812503576279
4.040028154445213,12.88801283475672,4.100357157843454
3.738058964411418,22.10893487930298,3.8550000190734863
3.746330601828439,30.695749827793666,5.264999866485596
3.8431010444959,15.15469177563985,3.8550000190734863
3.665167957544327,23.602035999298096,4.559999942779541
3.7908960580825806,23.468605995178223,4.7949999173482265
3.6622991050992693,31.998424666268484,5.264999866485596
4.384541405796955,40.13539967521148,10.4081249833107
3.7348788636071344,16.348205634525844,3.8550000190734863
3.8510993037905012,24.92158440181187,5.1642855916704455
3.509856939614264,34.04220470514116,6.220833222071329
4.142151748243446,-16.56058511340528,6.333333333333334
4.113582505884985,4.485487112742143,6.0
3.9315869212150574,17.656316995620728,3.8550000190734863
3.853281327656337,26.132764271327428,5.264999866485596
3.9411352361951555,18.960803985595703,3.8550000190734863
3.932218750317891,27.32990312576294,5.264999866485596
4.04729388769065,-1.8893777826159488,5.25
4.137843191623688,20.26891541481018,3.8550000190734863
4.153117597103119,28.747174898783364,5.264999866485596
4.362307827686815,-3.8597199289030844,5.928571428571429
4.34155398607254,21.46847073237101,3.8550000190734863
4.256245642900467,30.053473949432373,5.264999866485596
3.8440910329975653,7.2589957612374025,5.050714288439069
4.463448660414444,14.033512170546652,3.969500017166138
4.351465889385768,22.974820954459055,3.955714293888637
4.477144499619802,31.47074588139852,5.264999866485596
4.132627566072643,-6.152734183985123,5.833333333333334
4.549724082152048,15.820527076721191,3.8550000190734863
4.547810395558676,24.081069151560463,4.207499980926514
4.228874941666922,24.183584531148277,4.912499904632568
4.5560819421495715,32.66788496289934,5.264999866485596
4.524769043922424,16.885223579406738,3.8550000190734863
4.66812656323115,25.605084896087646,5.02999989191691
4.519829996432823,35.27390696919372,6.903571333203997
4.6485227823257445,18.45278263092041,3.8550000190734863
4.747064181736537,26.802223750523158,5.264999866485596
4.841920733451843,19.521708011627197,3.8550000190734863
4.7492461034229825,28.013403620038716,5.264999866485596
4.055212252591462,9.868415943169637,4.706500005722046
4.804471424497823,-8.173070543488567,6.0
4.9754781246185305,20.937288284301758,3.8550000190734863
4.7591582139333095,29.51975393295288,5.264999866485596
4.816582822799683,22.23851318359375,3.8550000190734863
4.955502493040902,30.62600203922817,5.264999866485596
5.235018085824221,6.817667732252811,6.0
4.981174343629581,-15.046879036136922,6.055555555555555
5.409731686355048,14.36927040363192,4.045833349227905
5.168493231137594,23.658322175343834,3.9725000063578286
5.197008943557739,32.02814559936523,5.264999866485596
5.148889684677124,16.506019401550294,3.8550000190734863
4.9354980190595,24.84942022959391,4.3249999682108555
5.203887701034546,24.658972549438477,4.559999942779541
5.258847557939035,33.98710058263332,5.981874883174896
5.341896123199755,1.9183325711635923,6.25
5.935280656664245,41.16000580203658,10.688749988873798
6.1927600319355935,-18.84692955510433,7.055555555555555
5.148125120571681,17.67987632751465,3.8550000190734863
5.4164470831553135,26.10869026184082,5.02999989191691
5.311797223685147,5.637492005283034,6.642857142857142
4.95946948959507,0.18124712767214413,5.9375
5.445415735244751,18.88124386469523,3.8550000190734863
5.491119241714477,27.46878433227539,5.264999866485596
5.484402217546581,-2.010666129933509,6.25
5.447961330413818,20.294287045796715,3.8550000190734863
5.470602035522461,28.86585358210972,5.264999866485596
5.467071578254851,7.7540105955581815,5.4
5.558455944061279,21.693893296378,3.8550000190734863
5.666946331659952,29.97210168838501,5.264999866485596
5.646851437432425,22.81357833317348,3.8550000190734863
5.669492125511169,31.38514486948649,5.264999866485596
6.125286278430021,15.502219740420033,4.018571444920131
5.767658853530884,24.343814659118653,3.9960000038146974
5.911695313354511,-3.5710688278719127,7.0
5.855787963199967,33.76423817560947,6.220833222071329
5.845199982325235,17.041225115458168,3.8550000190734863
5.6585818358830045,25.329245158604213,4.257857118334089
6.00179877281189,25.652651023864745,4.841999912261963
5.618571384168508,-10.519733876094318,6.0
5.972409185684324,-5.814084039490094,6.928571428571429
5.938015270233154,18.216894340515136,3.8550000190734863
5.8325906753540036,26.823246002197266,5.123999881744385
6.051456371943155,19.65382353464762,3.8550000190734863
5.935718727111817,28.129545211791992,5.264999866485596
6.023572635650635,20.957585525512695,3.8550000190734863
6.300870656967163,29.440918731689454,5.264999866485596
6.290637459601795,8.612617510717978,5.9
6.3887245655059814,22.268959045410156,3.8550000190734863
6.1419751167297365,30.742143630981445,5.264999866485596
6.186157342600366,9.78381318954466,5.185500001907348
6.260258356730143,23.67946513493856,3.8550000190734863
6.333476346616419,32.747595392842484,5.838499879837036
6.145693174381382,3.4345255544785096,7.0
6.876650389016676,16.477649925678506,4.045833349227905
6.508133083581924,24.920635104179382,4.03125
6.5518230597178135,17.707060178120933,3.8550000190734863
6.416223526000977,26.345435619354248,4.559999942779541
6.617133903503418,25.990643310546876,4.841999912261963
6.38776823042482,37.927108597579505,9.566249966621399
6.647584881101336,18.920052255902974,3.8550000190734863
6.703753021028307,27.456037521362305,5.108333216773139
6.610055265595626,-0.9477358446365614,7.0
6.636716232488165,1.0435392237993317,7.0
6.65749696890513,20.42640256881714,3.8550000190734863
6.765987396240234,28.704610960824148,5.264999866485596
6.989888401020018,-8.15967102219339,7.0
6.743437051773071,21.51498524347941,3.8550000190734863
6.718561750361447,7.309819907796761,6.857142857142858
6.775899449984232,30.210961182912193,5.264999866485596
6.831034616980091,-15.80486842184018,6.3
6.971702166966029,23.0255640574864,3.8550000190734863
6.885192389193898,31.935543049689294,5.742916544278463
7.168046474456787,24.131812254587807,3.8550000190734863
7.265832227866925,17.20675015123972,3.969500017166138
7.180905055999756,25.67548542022705,4.136999988555909
7.359028657277426,18.266151905059814,3.8550000190734863
7.365758207362411,5.5583842089765785,7.928571428571429
7.475394439697266,26.92027530670166,4.277999973297119
7.147355794906616,26.63132381439209,4.7949999173482265
7.513712907696505,3.6180167435600548,8.1
7.902849825601488,-17.40266269298555,7.1
7.296200025564108,-2.500475955154637,7.857142857142858
7.247040180888398,-12.280884827218518,6.2
7.368940591812134,19.77250221797398,3.8550000190734863
7.437198162078857,28.09340763092041,5.123999881744385
7.362442810254268,-4.625670444350254,7.9
7.558282375335693,20.987306594848633,3.8550000190734863
7.379394292831421,29.570497035980225,5.264999866485596
7.450060168902079,22.18082094192505,3.8550000190734863
8.747474895809567,31.79859053329864,6.573749899864197
6.9594096945382695,10.961660286315976,4.968928575515747
7.670959055423737,23.598092555999756,3.8550000190734863
7.6272716598701,1.8007763179642813,8.0
7.723562116738915,-0.37146873261023516,8.0
7.78145340510777,24.997699056352886,3.8550000190734863
8.050479219333448,17.614771988613036,4.184000015258789
7.92032207761492,26.16494369506836,3.955714293888637
8.077076787217958,10.034598527768237,5.833333333333334
7.962903057336259,53.17912690948086,12.0
7.8340575218200685,19.03619384765625,3.8550000190734863
7.672609161571781,37.52717660551605,9.361428533281599
8.10670804977417,27.736821174621582,4.3249999682108555
7.778669309616089,27.44786968231201,4.841999912261963
5.202511416607626,46.95809572843616,11.61111111111111
7.642880904634104,-14.086722829988815,6.2
8.08928913844956,-10.220718718885287,7.0
8.199209213256836,20.34756736755371,3.8550000190734863
7.989892142159598,28.821477345057897,5.1642855916704455
8.181638479232788,21.781959342956544,3.8550000190734863
8.828096105918018,29.916783289530578,5.738499879837036
8.022382759066879,9.20190233838941,6.625
8.180874177387782,22.9558162689209,3.8550000190734863
8.259811838467915,24.152955214182533,3.8550000190734863
8.24813800803891,2.9198706713892544,8.75
8.680227692605017,-14.909687455956334,7.0
5.069495771778322,-25.584586681004822,7.666666666666666
8.054037416787942,41.32357458895085,11.1
8.593049610976863,7.532608952608053,8.0
8.611721992492676,25.57276439666748,3.8550000190734863
8.437932760504578,1.32293378353659,8.8
8.12985889227594,-6.48510146904783,7.9
8.491304519751868,18.452397271907778,4.03375001748403
8.552565485239029,26.998198986053467,3.943125009536743
8.553922136624653,19.593594074249268,3.8550000190734863
8.837840517361958,28.02270952860514,4.089999993642172
8.704154928525288,28.400541941324867,4.912499904632568
8.48072519641229,48.99731011062138,11.75
8.44944219624654,16.61891230645451,4.756500005722046
8.782186780657087,21.104172979082378,3.8550000190734863
8.826314023500053,-12.273887351919004,7.0
9.371241857871142,29.340365557291808,5.597499895095825
5.604788202109139,-29.869147877063085,7.875
9.735458304872154,-3.2980117400577207,8.75
8.877948760986328,22.317165215810142,3.8550000190734863
8.663921523114965,11.443283040928799,5.335500001907349
9.506111073159397,3.865754932216932,8.9375
9.074657031467982,23.625276838030132,3.8550000190734863
8.937412849705936,6.0560084042066045,8.75
10.498106490570722,0.09033458572139663,9.0
9.076839174543109,24.83645670754569,3.8550000190734863
9.18733326594035,26.23606300354004,3.8550000190734863
9.441046986485606,18.955321273017915,4.212500015894571
9.290461540222168,27.542362213134766,3.8550000190734863
9.260545253753662,20.259429136912026,3.8550000190734863
10.233193584249275,28.855509312655272,5.2316666444142665
9.292371034622192,28.602144479751587,4.736249923706055
9.378302240751289,17.290038569689575,5.2970833381017055
9.59921407699585,21.787673791249595,3.8550000190734863
9.486907416964378,-26.459803457764615,8.0
9.574258995056152,22.852371215820312,3.8550000190734863
10.166706245784468,-7.261776216660525,8.083333333333332
9.688999096663615,11.319123874915666,5.833333333333334
9.818712043762208,24.291837692260742,3.8550000190734863
9.358675360477543,15.201559884073461,4.981875002384186
9.65981674194336,25.59306240081787,3.8550000190734863
9.834451520258847,49.64149365968681,11.8
9.793373823165894,27.00864283243815,3.8550000190734863
9.991770662815743,40.86833764153314,10.661785704748972
10.247238584437234,19.64224466898132,4.295833349227905
10.2556049047065,28.07969722954641,4.711250007152557
10.217029006110621,12.302426864601333,5.285714285714286
9.96716833114624,20.925265153249107,3.8550000190734863
10.155185803817037,9.188093931091643,7.785714285714286
10.198379516601562,22.47316703796387,3.8550000190734863
10.232517066123599,-24.114038102294188,8.0
10.337924435279653,10.824485570624528,6.666666666666666
10.283828735351562,23.555529321943013,3.8550000190734863
11.077988596531494,-9.27104333866933,8.0
9.468781793556014,-21.33877599903375,7.75
10.293740908304851,25.061879634857178,3.8550000190734863
11.481197212594056,-32.28198560366461,8.2
10.403871740613665,26.25962257385254,3.8550000190734863
10.729158818334396,27.338323095742044,4.469500017166138
10.83039784350302,14.51432205723253,5.1
10.775553605022884,20.421988840446883,4.169500017166138
11.167488521145582,7.162724471331586,8.916666666666668
10.791561961174011,21.70207369327545,3.8550000190734863
10.995272795359295,22.901628971099854,3.8550000190734863
10.668836318556858,50.43979929098133,11.875
10.897235631942749,24.42141612370809,3.8550000190734863
11.194526263645717,25.622783660888672,3.8550000190734863
12.33658339453153,-13.242429505840862,8.083333333333332
11.27230457028752,26.761905935707865,4.469500017166138
11.582459712683663,20.790948103646322,4.584000015258789
11.72494840348816,42.931372284918254,11.166666666666668
11.498185157775879,22.36790895462036,3.8550000190734863
11.243351139057006,17.458087877563823,5.606875002384186
11.500730911890667,23.780951976776123,3.8550000190734863
11.578968442562669,13.022059375383174,5.1
11.805023749669392,24.873763243357338,3.8550000190734863
12.386426726313596,-22.118582933649993,8.11111111111111
11.658519378972803,12.038773138662707,6.083333333333334
11.830310984961756,26.323446128893863,4.6231250166893005
12.147630521865228,10.393283233442197,7.857142857142858
11.916885990211469,19.128660725152674,6.130416671435038
12.04296936889212,21.749022983208192,4.200416684150696
12.501583501085303,-33.86834664595001,8.125
11.971507914669637,49.875533163012115,11.833333333333332
12.204808235168457,23.03374457359314,3.8550000190734863
12.34356002980299,14.884635475249326,5.166666666666666
12.29762372970581,24.209413719177245,3.8550000190734863
12.692532047573213,11.864804220973145,6.8
12.237896191686445,25.73716380924302,4.469500017166138
10.182920796189542,-36.51068518633175,7.928571428571429
13.334855898793489,8.814114795793326,8.916666666666668
12.290395458940015,27.05958627572402,7.366428579602923
13.017655562042199,22.065341653773483,4.684000015258789
12.92174415588379,23.8302095413208,3.8550000190734863
13.914944257039078,41.56752987463052,11.0625
9.414858480200012,-38.63517574545402,7.875
12.922050251069775,25.270747296108635,4.732857159205846
12.868273131035815,13.18837031499859,5.333333333333334
13.150675847018604,20.197257826857054,6.826071432658605
15.857312569396921,51.72652907458827,12.1
13.496640856963356,23.0311160576968,4.200416684150696
13.858283254457497,24.493669643806072,4.795833349227905
14.471549141552007,-34.36442573129392,8.25
13.524550089247176,17.846424915627512,6.142857142857142
12.433842251251676,-40.27547335907417,8.0
13.827788060669263,12.852238424947934,6.083333333333334
13.86700156349805,14.69093850302251,5.25
14.341993563421628,-37.41386259436289,8.1
14.043586140775044,11.288724679701442,7.75
13.94181120898433,27.473544706578068,8.338750004768372
14.487004820669233,23.362051421472458,5.016250014305115
14.394238223684464,49.57049986009396,11.916666666666668
12.08060429730793,-42.99984324962868,7.9
14.621900880063492,19.31816813734541,7.0
14.855560221961277,41.906321790002096,11.166666666666668
14.399999097234286,10.310718817503794,8.7
13.315067919940514,-28.10073674757701,8.6875
14.893460205752646,14.07646387712009,5.5
14.830453856446727,12.490144208735156,6.8
14.372362189159897,-30.677476688439967,8.75
14.967078652411276,21.296044560572973,7.160312503576279
16.42878506632446,-46.06081386988413,8.0
18.02939779378518,50.92220322877928,12.1
14.21045302184886,29.307679086136496,8.603124976158142
15.28365071536259,17.086468253925094,6.0
4.632901980464522,-45.20008862789224,7.5
15.710463950627268,-28.952078998562683,9.0
15.917706631519533,40.61937760691838,11.0
15.815527753810887,-27.779984101144137,8.9
16.166232272394794,13.245832942412562,6.25
16.258310917681058,48.993161354466864,12.0
16.08370368855614,11.63180647997016,7.857142857142858
15.419856443533494,32.68996660821429,9.82906249165535
16.706779998619396,19.78543919374311,6.928571428571429
16.99911364423903,9.916302139591382,9.0
16.395408654238715,23.746094911058734,8.12214285986764
16.382386282930398,44.14031488520551,11.75
17.107933939155906,12.69707625044876,7.0
16.870800411422156,-30.19674701247871,8.916666666666668
17.17303806979639,21.71887209589373,7.9
8.36873912734074,-48.81729697998418,7.416666666666666
19.594313427375603,49.55508562719844,12.1
17.248763689144347,16.228287446326554,6.0
17.639770334550008,40.05961492264822,11.0
17.631141900699518,45.62236399963941,12.0
17.065402236014968,34.82027614470926,10.3
17.867916089528713,43.4300341788627,11.8
20.60712046759444,48.59386120092581,12.1
18.141690638670077,13.609579094830012,6.333333333333334
18.261081894785775,11.97397644198189,7.928571428571429
18.775112849511338,45.797660945394384,12.0
18.83486213158867,10.621998888425356,9.0
18.77961742016133,44.024756018725,11.916666666666668
18.96575296772144,20.939145650787403,7.0
18.346718023829695,25.082226659326842,9.0
19.151272381023304,40.45730301524962,11.071428571428571
18.9850650684008,22.735815150837997,8.0
21.593583839467577,48.39224073766939,12.1
18.162159851100895,-28.668973631914433,8.9
20.244385965560653,-48.53128077388742,8.0
19.385828450077405,17.80203559825671,6.166666666666666
19.33446364204546,32.81517275377821,10.0
19.512569760518943,13.008819970464813,7.2
19.86273329902569,45.29805230954342,12.0
19.799451669633132,43.34751393802358,11.8
19.764481551703035,46.998214941402736,12.0
19.902278777863536,9.212109283318544,9.75
20.034940767964,14.659295560830412,6.285714285714286
19.969219117744757,-26.053596379675806,8.928571428571429
20.827102997182227,13.06445831561906,7.833333333333334
17.790671294145007,5.903562933392133,9.6875
20.78798975441925,40.29438106947971,11.0
19.99062392824831,26.893168863799364,9.071428571428571
20.393360423732652,11.574834492278,8.857142857142858
19.160317991602902,-33.57726241970696,8.75
20.589262857713745,23.89931644699834,8.1
21.12333635005772,7.723185839096931,10.0
20.938449217349962,45.42933196819985,12.0
22.86461467093193,46.94825780336721,12.0625
20.867108957088448,43.53253511694497,11.833333333333332
21.04554256920982,22.031060973229657,7.166666666666666
21.332146984835113,33.641669813073875,10.0
20.507956327509277,-44.41764652832425,8.1875
21.61410039005349,18.863870096415106,6.214285714285714
21.49865518468418,10.318467180995128,9.8
21.43215531747488,14.281602565765741,7.0
22.42556741176935,45.375689292142184,12.0
20.3081171002846,0.06078493905580018,9.625
21.826999330803847,44.00396272496671,11.9
22.150637980258253,41.330814718352975,11.166666666666668
22.192398796883417,28.115203753689844,9.0
22.667547843673727,-33.9426841861321,8.875
22.096731169450766,15.646922039985329,6.285714285714286
22.69976138339694,13.922716794276926,7.857142857142858
22.540563262437118,24.613890368871374,7.928571428571429
22.705932079103007,12.232651217397635,9.071428571428571
23.279745941612415,-47.287766740801075,8.125
22.87806775489363,43.54427081713605,11.8
23.21626459936241,34.862532387512644,10.142857142857142
23.244684096220865,21.27709925940534,6.833333333333334
23.218199532596095,10.171024281629808,9.916666666666668
23.990725506793687,19.320985117324746,6.083333333333334
23.80073917821042,40.71680492368051,11.0
23.572577169414963,15.189672257555271,7.0
23.960856105007622,43.57502610973502,11.8
24.102022940786746,16.609509143573217,6.285714285714286
24.087913474659217,29.62896600388737,9.166666666666668
24.506124005547477,26.3235604364256,8.166666666666668
24.73256080213348,14.933444788686227,7.857142857142858
24.542060082125573,-47.99029708113549,8.125
24.559960489841867,12.053233379542087,9.75
24.775896531584507,13.424033743960006,9.0
25.37346343248658,32.629230457902636,9.8
25.178013476491532,41.51947755175216,11.1
25.025216144892134,43.73775556940736,11.8
25.334384723329112,20.83784978853729,6.2
25.356413216703906,22.823970573274508,7.071428571428571
25.557893252903,16.330409508374125,7.0
26.01810488915779,17.67225820244139,6.428571428571429
25.970632781372956,36.32139670656203,10.285714285714285
26.239273814250232,-50.96438458932363,8.0
26.365617584429852,25.353900036140274,7.9
25.726641699434083,44.24044079427806,11.916666666666668
26.426923586109012,19.692402635161038,6.083333333333334
26.597095667650155,15.977432075157612,7.916666666666666
26.725989340554037,29.19657203157812,8.875
27.217533539486716,12.208500794017539,10.0
26.57402279496319,41.82929961733189,11.166666666666668
26.88157772032764,14.612084545661448,9.071428571428571
27.570855689183084,23.704120402290798,7.0
27.458872423565605,43.38192827927753,11.75
27.65102619734278,18.397745890912805,6.9
27.624545859004307,21.482255844406442,6.1875
27.6969926106225,13.746322298823777,9.833333333333332
28.028701525240034,33.77722200835085,9.857142857142858
28.158561370876626,40.594509277873755,10.928571428571429
28.23936667873307,17.240176973519638,7.916666666666666
28.082777532457477,25.86887703688639,7.9
28.274420074782128,19.656302142366414,6.4
29.004635897137874,44.5248590854129,11.9375
29.117062213766477,29.77431961402725,8.9
28.801694000057964,16.01605305045763,9.0
29.342075510713656,23.13401801976603,6.166666666666666
29.41897829857108,20.026957376511113,6.9
29.3916670087793,14.533252241892473,9.916666666666668
29.480977013704795,24.97975986867645,7.0
29.767294717215314,41.25538040130395,11.0
29.84655967756767,43.44004666770198,11.75
29.532873534331845,27.36359884765754,8.0
31.41386396218586,-21.88452599446808,9.73076923076923
30.103724718967868,35.21524534447191,10.0
29.64202524750414,18.645554685567106,7.75
30.122897448714966,21.314490272384027,6.333333333333334
30.67119551491399,17.587116625609887,8.928571428571429
31.118444499483687,24.52649207696985,6.214285714285714
31.739889527549913,44.62963218370834,12.0
31.068910539228327,15.925332755246393,9.9
30.863810153980126,30.721117483300926,9.0
31.365469398198762,41.82972941121592,11.071428571428571
31.483314893737184,21.3244259689033,7.0
31.001809285120395,26.420681686576472,7.0
31.465879622059916,28.3853695833086,7.857142857142858
31.77891203242907,43.47053935159031,11.75
31.519732568939215,22.606590391084442,6.333333333333334
32.04087142435465,35.78677874362975,10.0
31.650508011992777,19.82332874300681,7.9375
32.511571965126656,26.261686780442666,6.357142857142858
32.96056643150368,16.752706991118202,10.071428571428571
32.6940925572965,18.62276491807087,9.1
32.57935764129229,31.982379295899797,9.0
33.08740161882069,42.12407857071349,11.071428571428571
33.588534186989136,44.61644118614976,12.0
32.90432147475889,23.12369889788527,6.9
33.33466031683247,28.21103652571628,6.916666666666666
33.09945831710932,29.931126425780096,8.0
33.33380417916606,21.575151458385207,7.857142857142858
33.309238320776586,24.278248874279846,6.4
33.826928119182526,35.324116041697025,9.75
33.75942038735586,43.43834323056606,11.75
34.43432288444248,26.83057165503422,6.214285714285714
34.10170070371559,33.553485447804164,9.0
34.24127238203276,18.12531057014379,10.0
34.45156018540022,42.312212351444956,11.1
34.36695767822798,20.184826056850063,9.071428571428571
34.535819378599925,31.670454303711868,8.0
34.4847640150734,24.978543948567058,6.833333333333334
34.28261753941756,37.61862274929576,10.0
34.79778796577993,29.956550994586543,7.0
34.658842233979115,23.199842537814014,7.75
35.133864563368576,25.8090992848692,6.5
35.52150716171059,44.27607777825137,11.928571428571429
35.125987636929636,16.81451513647832,11.0
33.87634669441114,14.22489663438074,10.714285714285715
35.191183878107296,28.57723796104465,6.2
35.518067766597746,19.340449771932107,10.1
35.327652205839854,15.510660181350437,11.0
35.545694907501044,35.247195943706245,9.0
35.6741825425206,39.47638227492338,10.071428571428571
35.86849513901133,42.158247675830594,11.0
35.90627725422398,18.055863546136457,11.0
35.92175902982632,22.223230812162555,8.928571428571429
36.00336251331082,33.404478659488674,8.0
36.20728094663167,43.30791272876756,11.75
34.33426572493536,9.168672677373536,10.928571428571429
36.19616450600007,26.33738482454732,6.9
36.37556661122736,31.65720332040373,7.0
36.467572895661874,15.980070317700076,11.833333333333332
36.25803846908289,24.569345773515714,7.857142857142858
36.47662778349762,14.552905222390148,11.25
36.681128600728584,27.63757423275213,6.285714285714286
36.642349604791946,37.19699472160707,9.0
36.77966582874198,17.06495678583782,12.0
36.67380473697706,29.887130551444685,6.166666666666666
36.6512194461621,20.696171768958557,10.0
36.906754579681596,19.240602648585025,11.0
37.085747831542676,40.514026844869655,10.1
37.26997616991803,15.313143992740818,12.1
37.94695933712623,45.18185986056341,12.083333333333332
37.36866636394022,42.45242853237113,11.071428571428571
37.34310102703594,35.198976687780615,8.0
37.41538776597858,18.000395223012625,12.0
37.69343521889412,23.90725222486344,9.0
37.93570902111748,39.12516201792353,9.071428571428571
37.58696363867146,16.223500104692256,12.7
37.720660761334074,14.505179212913797,12.083333333333332
37.93588728523475,15.569380035074015,12.8
38.053885646717674,33.2604329095311,7.083333333333334
37.828446224607255,26.21619493131887,7.857142857142858
37.99505604223029,20.355345564835886,11.0
38.10850479885272,27.890003648539484,7.0
38.273320732867205,18.842455112337955,12.071428571428571
38.27280908230629,29.23477708680266,6.285714285714286
38.15186550788056,22.17563280809491,10.071428571428571
38.1299729933025,16.59660035343122,12.857142857142858
38.308735463450894,31.42583479502828,6.25
38.51364061324305,37.042721128211994,8.0
38.73525271939705,44.31773889572502,11.9
38.36913892607396,15.201799190119278,12.875
38.542893764381915,17.38879480315742,12.8
38.8270964713833,42.58096501224505,11.1
38.843712703042826,41.011539883048684,10.071428571428571
39.01114364857156,19.80166797558123,12.0
39.19128454764099,25.58641577838286,9.0
39.13127174733549,21.312257910398905,11.166666666666668
39.69621879472018,15.377982032909006,12.78125
39.02207183650792,17.718739452235404,12.875
40.32839454452024,45.363564642962935,12.071428571428571
39.381267220656234,27.869487692540282,7.857142857142858
39.49740040026446,23.758726642043193,10.0
39.642088795842525,30.613441796037005,6.4
39.687071556469846,34.862771163493136,7.166666666666666
39.36912481945464,18.341023027086468,12.8
39.62667265453602,29.66496216363198,7.0
39.87346881324751,20.439658791397797,12.166666666666668
40.043662421848204,38.488675841582335,8.0
39.869423497781106,39.68329880741392,9.0
40.00032561778836,22.55589320890737,11.0
39.98849445063278,19.03036190305523,12.833333333333332
40.31755604174181,42.39179114414997,11.071428571428571
40.48716064923917,21.357355392744367,12.0
41.10415466569172,44.11542288387419,12.0
40.47706462925325,19.83546657242375,12.833333333333332
40.73330820203212,27.216088717990402,9.0
40.76062134786035,25.258945926912602,10.0
40.932521594053185,40.69575433103779,9.857142857142858
40.87438195267498,29.55873123127754,7.857142857142858
41.03703253896413,36.743132850446656,7.166666666666666
41.18986412246359,23.716963581354022,11.071428571428571
40.884087712673875,19.874949624608732,12.857142857142858
41.37566105572628,22.158067192436725,12.071428571428571
40.93733601773336,32.11886545249473,7.0625
41.523331963690765,42.90620530198803,11.75
41.502570430484624,20.961478999010197,12.75
41.35664645601463,39.476562187328966,8.3
41.91766296212667,42.08559900737494,11.0
42.01363508590874,26.779916514997808,10.0
42.28970256446347,22.9053568399738,12.166666666666668
42.17114863479529,25.046020728585646,11.0
42.23323222987038,38.679475404056575,7.357142857142858
42.26920239663268,31.06676362866174,8.1
42.34514686310782,29.027710366213142,9.071428571428571
42.22506175493348,39.74146679948192,8.8
41.89635076418008,20.721349724140296,12.916666666666668
42.49957377310404,53.99455169854728,13.0
42.3432107075938,34.360588925340195,7.166666666666666
42.74917598919258,40.45410670347333,9.916666666666668
42.47578726508699,21.952196829268587,12.75
43.05884610649967,44.641210201752735,12.0625
42.79933717845738,23.857200929511464,12.0
42.22700848392317,51.08295689028939,12.785714285714285
43.164981735717134,26.249443762945937,11.0
43.36955551170046,28.13185504553841,10.166666666666668
42.80739485726087,21.681270506719255,12.916666666666668
43.23918107618096,36.54669462455064,7.166666666666666
43.06660895785289,51.58907980997769,12.875
43.429820482004445,41.80677377852415,11.0
43.30155834779073,32.89569177152986,8.0
43.635568621424326,24.731835522774993,12.071428571428571
43.72891939050909,31.055235408374294,9.0
43.41613492296351,22.97666870790613,12.75
44.53114028677349,43.825915962083755,12.0
43.577493015014284,39.1953584899795,8.333333333333332
43.05873075949959,49.67770070704728,12.7
44.05776119117698,35.02498969903607,8.0
44.223984816506174,27.28030863767221,11.166666666666668
44.07760304382674,38.1925597909334,7.5
44.285322038555506,25.749351504395655,12.0
43.538968418960756,22.706164705427824,12.833333333333332
44.61451649255339,38.862542381292954,8.9
44.385582625557824,29.762689775588953,10.0
44.58330816375862,40.039090511455285,10.0
44.42868072113333,51.429007453987694,12.916666666666668
43.84386685160109,22.87221608113633,12.875
44.613595655961575,36.91896081230225,8.0
45.08776976862565,26.462380395404935,12.166666666666668
44.81390958972609,33.032083829518086,9.0
45.48392145366264,43.268673697089,12.1
44.89131372562552,41.752955089829236,11.166666666666668
45.045313653934144,28.556556961796787,11.0
44.51815689532671,23.95724266534232,12.833333333333332
45.383081193936796,35.202828483242556,9.0
45.14537617207364,52.07794274365435,13.0
45.380914507332996,25.47454898497674,12.8
45.425600432159975,31.432025830059597,10.0
45.603212879423445,37.382458947482206,9.0
45.763004424791575,27.395763027193496,12.071428571428571
45.73883063268526,25.893431403661637,12.833333333333332
46.09774716622128,42.458553918183654,12.0
46.07898287841054,29.83946963154081,11.071428571428571
45.84700663764548,51.961292536175975,13.0
46.33694121760648,40.981773917026125,11.071428571428571
46.332811805226996,38.9661689222154,10.071428571428571
46.38417158977119,33.27356250393654,10.071428571428571
44.94093877985776,22.23200468077073,12.666666666666668
46.47008819075337,28.32135349168354,12.0
46.66333016411373,51.284145300531144,13.0
46.73508165356898,31.363634232998614,11.0
46.90318828703029,27.19148262584259,12.9
46.84049128745523,35.33410743658105,10.0
47.00812804031724,43.985794329527835,12.833333333333332
46.5883737093403,49.652312030499935,12.88888888888889
47.05856834849846,42.331675047396104,12.1
46.87107509049484,27.539184771070566,12.75
47.23417834314064,29.095666142296356,12.166666666666668
47.09317269179378,43.12272725374363,12.8
47.33828449592262,37.174577463938505,10.214285714285715
47.482873623186265,32.50461411606963,11.1
47.70844225792192,44.08813649670757,13.0
47.61896662498425,50.7642036724846,13.0
47.67555180278205,40.1045979005616,11.166666666666668
47.35139501058316,28.026055702263974,12.8
47.571763281185156,30.140638885981527,12.0
47.732633734778915,42.94976355271022,12.833333333333332
47.90465033343369,41.76514437359198,12.071428571428571
47.39363723280732,51.43902483177262,13.0
46.86291211529183,24.59305440307415,12.6875
48.06620372288236,33.88210143798092,11.071428571428571
48.235415262997066,43.949584821723256,13.0
48.234981244438565,31.12269938895583,12.071428571428571
48.147148616321296,49.73946488019982,13.0
48.394650515220775,37.56607384531993,11.0
48.44751540188729,35.596099192801404,11.071428571428571
48.26902965505774,29.38275032740349,12.8
48.39628540224563,42.884514392394195,12.9
48.382140460362635,38.672025799819174,11.071428571428571
48.65228271429172,49.3166121220483,13.0
48.628966431200936,36.95425668954509,11.1
48.6119450495303,48.99405159245042,13.0
48.86269949116806,41.02044734042116,12.214285714285715
48.004239580239194,47.051644784193165,12.875
48.820263999365736,32.2358422207365,12.071428571428571
48.5436112770675,30.00370293403956,12.75
48.47117368292392,46.08449617188013,13.0
48.622420196613746,50.22216445402863,13.0
48.244407979881714,51.28981890138898,13.0
48.92328605464712,43.90937375332828,13.0
49.09255386931251,46.63281566790797,13.0
48.81625386811721,45.221775007507375,13.0
48.916780695241926,42.381841724701886,12.8
49.422491773328815,33.21635231659663,12.166666666666668
49.15689364056123,39.872525366242535,12.0
48.92161662421468,30.11930130761334,12.9
49.40256001528516,44.908922355002645,13.0
49.26811865782577,50.182674452335675,13.0
49.51425963255538,51.0112746007526,13.0
49.53948939273394,34.320298997854366,12.0
49.78621442386388,38.95734134786227,12.166666666666668
48.059597982201936,26.230419999262594,12.571428571428571
50.097492925864515,35.37717910651449,12.214285714285715
49.48462145823636,42.42746758333233,12.9
49.836772929775336,37.789247767678035,12.0
50.016464792007895,36.60199352716487,12.071428571428571
49.93939935825954,31.776680556933023,12.875
50.09288812343318,50.719194017581394,13.0
49.976308153916705,42.32002872289003,12.916666666666668
50.04628561787323,40.573465514145255,12.8
49.99531758196969,32.32097051674336,12.75
50.191033243525354,39.90443422064008,12.75
50.53188785012651,40.6152515843441,12.916666666666668
50.80123039658451,32.762686081275035,13.0
50.52821651085647,33.55586013248619,12.75
50.838410634060764,39.32894888929661,12.857142857142858
50.94474810000519,38.03193699319719,12.833333333333332
50.81433029214506,34.160276820853554,12.8
51.01608569282506,37.57195368936913,12.8
51.005541804775895,36.185885940071664,12.75
51.20446404199904,35.690013171692215,12.875
51.4656506756851,34.796442317766605,13.0
51.50043324033829,36.97213901819951,13.0
